date, pm25, pm10, no2
2025/11/1, 10, 9, 7
2025/11/2, 26, 8, 12
2025/11/3, 20, 4, 9
2025/11/4, 11, 9, 11
2025/11/5, 23, 11, 9
2025/11/6, 30, 14, 10
2025/11/7, 34, 10, 7
2025/11/8, 29, 6, 5
2025/11/9, 16, 4, 5
2025/11/10, 10, 10, 11
2025/11/11, 22, 7, 8
2025/11/12, 19, 4, 9
2025/11/13, 9, 21, 15
2025/11/14, 18, 17, 9
2025/11/15, 14, 13, 10
2025/11/16, 16, 6, 14
2025/11/17, 15, 6, 7
2025/11/18, 13, , 
2025/10/1, 22, 15, 16
2025/10/2, 31, 14, 15
2025/10/3, 28, 17, 6
2025/10/4, 26, 5, 8
2025/10/5, 11, 9, 11
2025/10/6, 24, 8, 11
2025/10/7, 16, 8, 12
2025/10/8, 18, 7, 11
2025/10/9, 16, 9, 13
2025/10/10, 13, 8, 9
2025/10/11, 13, 3, 6
2025/10/12, 6, 4, 11
2025/10/13, 7, 7, 13
2025/10/14, 12, 6, 13
2025/10/15, 12, 8, 13
2025/10/16, 14, 6, 13
2025/10/17, 10, 9, 13
2025/10/18, 11, 6, 12
2025/10/19, 12, 12, 16
2025/10/20, 14, 17, 15
2025/10/21, 32, 19, 11
2025/10/22, 53, 22, 11
2025/10/23, 56, 11, 3
2025/10/24, 34, 8, 9
2025/10/25, 21, 10, 8
2025/10/26, 27, 9, 13
2025/10/27, 23, 8, 12
2025/10/28, 19, 5, 9
2025/10/29, 13, 5, 10
2025/10/30, 13, 3, 7
2025/10/31, 6, 4, 7
2025/7/1, 17, 13, 
2025/7/2, 18, 11, 10
2025/7/3, 19, 14, 7
2025/7/4, 15, 8, 5
2025/7/5, 19, 12, 5
2025/7/6, 19, 8, 3
2025/7/7, 19, 15, 3
2025/7/8, 16, 17, 11
2025/7/9, 20, 11, 4
2025/7/10, 19, 12, 
2025/7/11, 24, 14, 
2025/7/12, 32, 19, 3
2025/7/13, 47, 22, 4
2025/7/14, 53, 16, 8
2025/7/15, 39, 20, 2
2025/7/16, 48, 10, 2
2025/7/17, 20, 12, 3
2025/7/18, 25, 16, 6
2025/7/19, 32, 15, 3
2025/7/20, 30, 16, 2
2025/7/21, 35, 16, 2
2025/7/22, 33, 16, 
2025/7/23, 40, 18, 8
2025/7/24, 41, 19, 11
2025/7/25, 40, 17, 6
2025/7/26, 36, 14, 6
2025/7/27, 27, 13, 7
2025/7/28, 27, 12, 2
2025/7/29, 28, 14, 9
2025/7/30, 25, 13, 8
2025/7/31, 31, 14, 9
2025/8/1, 34, 9, 5
2025/8/2, 20, 11, 5
2025/8/3, 23, 12, 10
2025/8/4, 27, 15, 9
2025/8/5, 23, 18, 8
2025/8/6, 26, 20, 8
2025/8/7, 30, 22, 11
2025/8/8, 38, 17, 5
2025/8/9, 29, 12, 6
2025/8/10, 20, 12, 9
2025/8/11, 14, 13, 9
2025/8/12, 19, 15, 13
2025/8/13, 19, 16, 12
2025/8/14, 21, 21, 12
2025/8/15, 28, 9, 6
2025/8/16, 10, 11, 3
2025/8/17, 9, 14, 12
2025/8/18, 15, 8, 5
2025/8/19, 9, 6, 6
2025/8/20, 7, 8, 8
2025/8/21, 8, 4, 7
2025/8/22, 8, 3, 4
2025/8/23, 6, 3, 5
2025/8/24, 5, 6, 7
2025/8/25, 7, 6, 8
2025/8/26, 8, 12, 13
2025/8/27, 16, 14, 15
2025/8/28, 25, 10, 4
2025/8/29, 29, 11, 7
2025/8/30, 27, 12, 7
2025/8/31, 28, 17, 13
2025/9/1, 43, 15, 13
2025/9/2, 30, 12, 12
2025/9/3, 23, 16, 12
2025/9/4, 31, 18, 16
2025/9/5, 41, 16, 9
2025/9/6, 39, 12, 9
2025/9/7, 27, 17, 11
2025/9/8, 34, 24, 11
2025/9/9, 44, 24, 9
2025/9/10, 48, 21, 6
2025/9/11, 46, 14, 14
2025/9/12, 30, 11, 9
2025/9/13, 19, 10, 6
2025/9/14, 22, 10, 11
2025/9/15, 20, 15, 12
2025/9/16, 19, 8, 11
2025/9/17, 15, 10, 11
2025/9/18, 21, 14, 11
2025/9/19, 27, 10, 9
2025/9/20, 24, 13, 6
2025/9/21, 32, 6, 11
2025/9/22, 8, 7, 11
2025/9/23, 8, 9, 13
2025/9/24, 12, 12, 17
2025/9/25, 16, 11, 17
2025/9/26, 17, 9, 8
2025/9/27, 19, 5, 5
2025/9/28, 12, 11, 15
2025/9/29, 16, 10, 13
2025/9/30, 16, 13, 15
2025/4/1, 37, 50, 22
2025/4/2, 31, 34, 14
2025/4/3, 19, 31, 6
2025/4/4, 14, 11, 3
2025/4/5, 7, 7, 7
2025/4/6, 8, 15, 5
2025/4/7, 8, 27, 16
2025/4/8, 15, 29, 6
2025/4/9, 15, 20, 13
2025/4/10, 13, 11, 5
2025/4/11, 8, 15, 10
2025/4/12, 13, 17, 6
2025/4/13, 21, 23, 13
2025/4/14, 36, 24, 15
2025/4/15, 19, 28, 13
2025/4/16, 38, 17, 11
2025/4/17, 39, 9, 4
2025/4/18, 26, 4, 2
2025/4/19, 10, 2, 2
2025/4/20, 7, 3, 2
2025/4/21, 9, 6, 9
2025/4/22, 18, 6, 5
2025/4/23, 15, 24, 7
2025/4/24, 16, 47, 9
2025/4/25, 24, 37, 7
2025/4/26, 21, 31, 9
2025/4/27, 18, 22, 12
2025/4/28, 28, 48, 11
2025/4/29, 23, 14, 9
2025/4/30, 12, 13, 10
2025/5/1, 22, 19, 13
2025/5/2, 22, 38, 6
2025/5/3, 16, 14, 3
2025/5/4, 10, 36, 10
2025/5/5, 20, 9, 5
2025/5/6, 9, 13, 6
2025/5/7, 13, 12, 6
2025/5/8, 12, 6, 12
2025/5/9, 17, 15, 4
2025/5/10, 17, 18, 5
2025/5/11, 18, 39, 13
2025/5/12, 31, 25, 9
2025/5/13, 30, 12, 4
2025/5/14, 13, 10, 2
2025/5/15, 10, 9, 2
2025/5/16, 11, 6, 2
2025/5/17, 9, 8, 1
2025/5/18, 11, 16, 10
2025/5/19, 15, 17, 7
2025/5/20, 18, 6, 3
2025/5/21, 10, 6, 
2025/5/22, 15, 21, 5
2025/5/23, 19, 18, 6
2025/5/24, 12, 18, 6
2025/5/25, 24, 29, 11
2025/5/26, 29, 31, 10
2025/5/27, 25, 32, 13
2025/5/28, 27, 28, 9
2025/5/29, 26, 26, 10
2025/5/30, 20, 10, 7
2025/5/31, 10, 18, 7
2025/6/1, 18, 26, 10
2025/6/2, 26, 34, 12
2025/6/3, 32, 62, 12
2025/6/4, 52, 32, 13
2025/6/5, 38, 16, 6
2025/6/6, 28, , 
2025/6/8, 17, 14, 11
2025/6/9, 20, 24, 11
2025/6/10, 27, 18, 9
2025/6/11, 47, 9, 3
2025/6/12, 11, 18, 9
2025/6/13, 18, 18, 7
2025/6/14, 19, 17, 9
2025/6/15, 22, 24, 10
2025/6/16, 42, 20, 7
2025/6/17, 34, 17, 7
2025/6/18, 24, 11, 4
2025/6/19, 12, 7, 2
2025/6/20, 10, , 
2025/6/22, 15, 13, 8
2025/6/23, 28, 6, 7
2025/6/24, 16, 15, 6
2025/6/25, 21, 14, 8
2025/6/26, 18, 10, 9
2025/6/27, 16, 12, 5
2025/6/28, 19, 11, 4
2025/6/29, 18, 9, 5
2025/6/30, 7, 20, 9
2025/1/1, 8, 3, 14
2025/1/2, 8, 3, 11
2025/1/3, 10, 3, 9
2025/1/4, 9, 5, 10
2025/1/5, 17, 7, 7
2025/1/6, 23, 3, 9
2025/1/7, 9, 6, 16
2025/1/8, 16, 7, 14
2025/1/9, 18, 4, 3
2025/1/10, 14, 2, 1
2025/1/11, 7, 3, 11
2025/1/12, 8, 5, 11
2025/1/13, 13, 4, 15
2025/1/14, 12, 4, 16
2025/1/15, 10, 3, 11
2025/1/16, 9, 10, 11
2025/1/17, 30, 8, 9
2025/1/18, 23, 3, 8
2025/1/19, 9, 5, 11
2025/1/20, 14, 3, 5
2025/1/21, 9, 10, 8
2025/1/22, 33, 9, 7
2025/1/23, 30, 6, 7
2025/1/24, 18, 20, 4
2025/1/25, 27, 12, 8
2025/1/26, 28, 7, 11
2025/1/27, 19, 10, 12
2025/1/28, 28, 5, 5
2025/1/29, 15, 4, 10
2025/1/30, 11, 5, 10
2025/1/31, 15, 6, 7
2025/2/1, 9, 4, 6
2025/2/2, 10, 3, 8
2025/2/3, 8, 11, 10
2025/2/4, 33, 10, 13
2025/2/5, 32, 8, 20
2025/2/6, 19, 8, 13
2025/2/7, 24, 13, 7
2025/2/8, 33, 16, 8
2025/2/9, 41, 19, 17
2025/2/10, 37, 12, 12
2025/2/11, 32, 4, 12
2025/2/12, 13, 8, 5
2025/2/13, 14, 8, 11
2025/2/14, 16, 5, 6
2025/2/15, 13, 4, 11
2025/2/16, 10, 3, 18
2025/2/17, 8, 6, 24
2025/2/18, 15, 8, 25
2025/2/19, 20, 9, 19
2025/2/20, 24, 26, 11
2025/2/21, 63, 28, 5
2025/2/22, 71, 26, 7
2025/2/23, 64, 7, 7
2025/2/24, 22, 9, 10
2025/2/25, 28, 9, 13
2025/2/26, 22, 6, 13
2025/2/27, 16, 14, 14
2025/2/28, 17, 9, 6
2025/3/1, 22, 36, 8
2025/3/2, 21, 33, 9
2025/3/3, 19, 18, 10
2025/3/4, 14, 19, 10
2025/3/5, 23, 20, 9
2025/3/6, 22, 21, 14
2025/3/7, 32, 41, 14
2025/3/8, 47, 20, 8
2025/3/9, 36, 6, 3
2025/3/10, 17, 6, 2
2025/3/11, 6, 17, 3
2025/3/12, 11, 6, 8
2025/3/13, 13, 33, 14
2025/3/14, 19, 24, 8
2025/3/15, 14, 25, 4
2025/3/16, 12, 19, 10
2025/3/17, 11, 22, 14
2025/3/18, 10, 24, 15
2025/3/19, 13, 23, 13
2025/3/20, 19, 11, 8
2025/3/21, 11, 11, 6
2025/3/22, 24, 21, 7
2025/3/23, 29, 27, 13
2025/3/24, 33, 25, 11
2025/3/25, 56, 30, 9
2025/3/26, 23, 16, 10
2025/3/27, 25, 20, 11
2025/3/28, 28, 22, 8
2025/3/29, 32, 14, 8
2025/3/30, 17, 18, 7
2025/3/31, 17, 48, 19
2024/10/1, 12, 4, 6
2024/10/2, 11, 8, 10
2024/10/3, 18, 10, 16
2024/10/4, 19, 8, 11
2024/10/5, 17, 7, 6
2024/10/6, 15, 10, 13
2024/10/7, 22, 13, 13
2024/10/8, 29, 7, 11
2024/10/9, 20, 9, 11
2024/10/10, 24, 4, 11
2024/10/11, 7, 6, 9
2024/10/12, 12, 6, 5
2024/10/13, 13, 7, 9
2024/10/14, 18, 6, 13
2024/10/15, 10, 9, 13
2024/10/16, 13, 11, 14
2024/10/17, 18, 17, 14
2024/10/18, 35, 19, 10
2024/10/19, 43, 17, 6
2024/10/20, 44, 18, 8
2024/10/21, 38, 14, 12
2024/10/22, 29, 13, 13
2024/10/23, 16, 13, 14
2024/10/24, 24, 13, 14
2024/10/25, 25, 11, 6
2024/10/26, 28, 4, 6
2024/10/27, 10, 7, 13
2024/10/28, 17, 6, 13
2024/10/29, 13, 9, 13
2024/10/30, 10, 8, 12
2024/10/31, 16, 5, 9
2024/11/1, 9, 8, 7
2024/11/2, 9, 4, 5
2024/11/3, 6, 13, 15
2024/11/4, 11, 5, 10
2024/11/5, 13, 6, 8
2024/11/6, 14, 12, 14
2024/11/7, 20, 8, 11
2024/11/8, 21, 8, 7
2024/11/9, 21, 3, 7
2024/11/10, 10, 5, 10
2024/11/11, 13, 7, 12
2024/11/12, 16, 7, 10
2024/11/13, 17, 28, 15
2024/11/14, 26, 14, 12
2024/11/15, 23, 8, 6
2024/11/16, 9, 12, 6
2024/11/17, 12, 24, 15
2024/11/18, 17, 14, 13
2024/11/19, 32, 7, 3
2024/11/20, 12, 4, 9
2024/11/21, 11, 5, 8
2024/11/22, 11, 5, 7
2024/11/23, 13, 6, 9
2024/11/24, 17, 8, 7
2024/11/25, 20, 8, 9
2024/11/26, 19, 2, 6
2024/11/27, 6, 4, 5
2024/11/28, 11, 6, 7
2024/11/29, 15, 5, 4
2024/11/30, 15, 6, 3
2024/12/1, 18, 10, 7
2024/12/2, 28, 3, 6
2024/12/3, 7, 10, 6
2024/12/4, 25, 16, 6
2024/12/5, 42, 10, 12
2024/12/6, 30, 10, 6
2024/12/7, 32, 10, 3
2024/12/8, 33, 7, 9
2024/12/9, 17, 8, 8
2024/12/10, 20, 6, 13
2024/12/11, 14, 7, 11
2024/12/12, 17, 6, 10
2024/12/13, 20, 3, 6
2024/12/14, 8, 4, 5
2024/12/15, 9, 6, 10
2024/12/16, 8, 130, 13
2024/12/17, 39, 9, 12
2024/12/18, 15, 8, 13
2024/12/19, 20, 5, 11
2024/12/20, 13, 6, 9
2024/12/21, 17, 5, 6
2024/12/22, 14, 7, 12
2024/12/23, 20, 4, 5
2024/12/24, 14, 3, 6
2024/12/25, 8, 3, 7
2024/12/26, 9, 4, 13
2024/12/27, 12, 3, 6
2024/12/28, 10, 3, 4
2024/12/29, 8, , 
2024/7/4, 11, 8, 4
2024/7/5, 12, 11, 3
2024/7/6, 19, 14, 3
2024/7/7, 18, 11, 5
2024/7/8, 14, 10, 6
2024/7/9, 13, 9, 10
2024/7/10, 12, 11, 23
2024/7/11, 23, 9, 19
2024/7/12, 20, 8, 8
2024/7/13, 20, 5, 7
2024/7/14, 11, 8, 17
2024/7/15, 12, 7, 24
2024/7/16, 12, 8, 20
2024/7/17, 21, 6, 15
2024/7/18, 10, 6, 13
2024/7/19, 9, 8, 10
2024/7/20, 17, 9, 12
2024/7/21, 28, 14, 12
2024/7/22, 34, 14, 10
2024/7/23, 33, 11, 7
2024/7/24, 22, 13, 12
2024/7/25, 26, 10, 11
2024/7/26, 17, 12, 9
2024/7/27, 25, 10, 5
2024/7/28, 19, 7, 5
2024/7/29, 10, 9, 10
2024/7/30, 13, 12, 9
2024/7/31, 24, 9, 9
2024/8/1, 13, 10, 6
2024/8/2, 17, 9, 4
2024/8/3, 23, 11, 4
2024/8/4, 28, 11, 6
2024/8/5, 25, 13, 7
2024/8/6, 30, 14, 11
2024/8/7, 30, 14, 11
2024/8/8, 28, 11, 9
2024/8/9, 22, 11, 6
2024/8/10, 17, 8, 6
2024/8/11, 15, 6, 9
2024/8/12, 5, 5, 8
2024/8/13, 8, , 
2024/8/21, 39, 13, 11
2024/8/22, 22, 11, 7
2024/8/23, 26, 12, 6
2024/8/24, 18, 16, 6
2024/8/25, 33, 20, 8
2024/8/26, 36, 17, 10
2024/8/27, 32, 20, 14
2024/8/28, 37, 26, 12
2024/8/29, 49, 23, 11
2024/8/30, 44, 12, 6
2024/8/31, 26, 6, 5
2024/9/1, 15, 5, 11
2024/9/2, 13, 10, 12
2024/9/3, 17, 20, 10
2024/9/4, 39, 32, 10
2024/9/5, 54, 28, 12
2024/9/6, 49, 24, 11
2024/9/7, 42, 41, 9
2024/9/8, 60, 44, 12
2024/9/9, 59, 17, 10
2024/9/10, 29, 7, 10
2024/9/11, 18, 7, 10
2024/9/12, 10, 7, 9
2024/9/13, 14, 7, 6
2024/9/14, 13, 7, 11
2024/9/15, 12, 10, 13
2024/9/16, 19, 11, 16
2024/9/17, 20, 13, 12
2024/9/18, 23, 13, 14
2024/9/19, 25, 14, 14
2024/9/20, 27, 8, 5
2024/9/21, 19, 7, 10
2024/9/22, 13, 14, 14
2024/9/23, 29, 31, 15
2024/9/24, 60, 21, 10
2024/9/25, 43, 9, 11
2024/9/26, 16, 2, 5
2024/9/27, 7, 5, 8
2024/9/28, 9, 5, 8
2024/9/29, 8, 10, 15
2024/9/30, 12, 7, 15
2024/4/1, 21, 7, 1
2024/4/2, 18, 24, 2
2024/4/3, 16, 22, 5
2024/4/4, 15, 3, 4
2024/4/5, 10, 5, 3
2024/4/6, 15, 9, 4
2024/4/7, 16, 30, 12
2024/4/8, 24, 26, 14
2024/4/9, 27, 23, 9
2024/4/10, 17, 9, 8
2024/4/11, 16, 23, 10
2024/4/12, 21, 10, 7
2024/4/13, 10, 3, 5
2024/4/14, 9, 19, 6
2024/4/15, 9, 16, 3
2024/4/16, 12, 15, 3
2024/4/17, 16, 10, 3
2024/4/18, 17, 14, 4
2024/4/19, 22, 18, 2
2024/4/20, 17, 8, 2
2024/4/21, 17, 11, 2
2024/4/22, 17, 24, 7
2024/4/23, 27, 19, 11
2024/4/24, 24, 8, 3
2024/4/25, 26, 4, 5
2024/4/26, 12, 6, 6
2024/4/27, 20, 9, 6
2024/4/28, 22, 50, 14
2024/4/29, 45, 29, 18
2024/4/30, 26, 22, 8
2024/5/1, 32, 13, 7
2024/5/2, 12, 23, 10
2024/5/3, 18, 13, 5
2024/5/4, 15, 7, 3
2024/5/5, 13, 12, 2
2024/5/6, 13, 13, 5
2024/5/7, 14, 4, 6
2024/5/8, 11, 10, 5
2024/5/9, 27, 17, 4
2024/5/10, 14, 24, 5
2024/5/11, 20, 21, 6
2024/5/12, 19, 36, 9
2024/5/13, 28, 42, 11
2024/5/14, 28, 34, 9
2024/5/15, 20, 38, 12
2024/5/16, 28, 45, 12
2024/5/17, 39, 28, 7
2024/5/18, 42, 39, 7
2024/5/19, 36, 13, 2
2024/5/20, 8, 25, 6
2024/5/21, 13, 28, 6
2024/5/22, 17, 27, 6
2024/5/23, 26, 27, 10
2024/5/24, 45, 26, 7
2024/5/25, 47, 20, 4
2024/5/26, 40, 33, 12
2024/5/27, 40, 36, 13
2024/5/28, 46, 31, 13
2024/5/29, 47, 22, 11
2024/5/30, 27, 25, 5
2024/5/31, 40, 22, 2
2024/6/1, 46, 20, 3
2024/6/2, 38, 28, 11
2024/6/3, 39, 27, 11
2024/6/4, 20, 30, 12
2024/6/5, 31, 23, 6
2024/6/6, 28, 21, 9
2024/6/7, 24, 16, 5
2024/6/8, 23, 9, 5
2024/6/9, 14, 5, 7
2024/6/10, 10, 9, 6
2024/6/11, 10, 9, 5
2024/6/12, 12, 15, 9
2024/6/13, 22, 16, 9
2024/6/14, 17, 11, 5
2024/6/15, 18, 12, 6
2024/6/16, 20, 15, 8
2024/6/17, 22, 17, 8
2024/6/18, 21, 15, 7
2024/6/19, 18, 21, 6
2024/6/20, 20, 10, 3
2024/6/21, 16, 12, 3
2024/6/22, 15, 7, 2
2024/6/23, 11, 13, 5
2024/6/24, 18, 18, 8
2024/6/25, 19, 21, 9
2024/6/26, 21, 25, 9
2024/6/27, 34, , 
2024/1/1, 16, 3, 2
2024/1/2, 7, 3, 2
2024/1/3, 8, 3, 5
2024/1/4, 11, 4, 9
2024/1/5, 14, 7, 10
2024/1/6, 21, 16, 18
2024/1/7, 47, 4, 14
2024/1/8, 13, 3, 17
2024/1/9, 7, 3, 17
2024/1/10, 8, 3, 9
2024/1/11, 7, 4, 7
2024/1/12, 7, 3, 6
2024/1/13, 10, 2, 3
2024/1/14, 6, 2, 3
2024/1/15, 4, 5, 14
2024/1/16, 10, 4, 9
2024/1/17, 11, 3, 8
2024/1/18, 9, 9, 16
2024/1/19, 25, 15, 14
2024/1/20, 44, 5, 4
2024/1/21, 17, 6, 5
2024/1/22, 16, 7, 9
2024/1/23, 17, 3, 9
2024/1/24, 10, 2, 3
2024/1/25, 5, 3, 8
2024/1/26, 8, 5, 9
2024/1/27, 14, 5, 5
2024/1/28, 15, 10, 11
2024/1/29, 25, 12, 9
2024/1/30, 33, 5, 7
2024/1/31, 13, 28, 8
2024/2/1, 15, 23, 10
2024/2/2, 14, 4, 7
2024/2/3, 7, 29, 8
2024/2/4, 13, 5, 13
2024/2/5, 8, 10, 9
2024/2/6, 12, 23, 7
2024/2/7, 15, 16, 10
2024/2/8, 22, 7, 4
2024/2/9, 19, 6, 2
2024/2/10, 19, 8, 2
2024/2/11, 21, 8, 3
2024/2/12, 26, 5, 7
2024/2/13, 17, 12, 13
2024/2/14, 34, 11, 10
2024/2/15, 30, 5, 8
2024/2/16, 15, 2, 6
2024/2/17, 4, 10, 9
2024/2/18, 7, 8, 12
2024/2/19, 23, 6, 10
2024/2/20, 20, 6, 11
2024/2/21, 18, 7, 9
2024/2/22, 20, 7, 6
2024/2/23, 18, 7, 7
2024/2/24, 17, 6, 6
2024/2/25, 20, 13, 10
2024/2/26, 38, 6, 10
2024/2/27, 18, 22, 10
2024/2/28, 23, 20, 6
2024/2/29, 27, 14, 8
2024/3/1, 41, 21, 5
2024/3/2, 54, 15, 2
2024/3/3, 42, 18, 3
2024/3/4, 48, 17, 2
2024/3/5, 36, 17, 6
2024/3/6, 19, 47, 14
2024/3/7, 33, 10, 6
2024/3/8, 19, 9, 2
2024/3/9, 21, 16, 3
2024/3/10, 15, 17, 4
2024/3/11, 17, 11, 8
2024/3/12, 24, 12, 10
2024/3/13, 31, 9, 7
2024/3/14, 27, 8, 7
2024/3/15, 24, 4, 2
2024/3/16, 13, 3, 1
2024/3/17, 5, 15, 7
2024/3/18, 10, 15, 11
2024/3/19, 13, 8, 11
2024/3/20, 23, 20, 9
2024/3/21, 26, 4, 9
2024/3/22, 13, 34, 7
2024/3/23, 24, 6, 1
2024/3/24, 11, 13, 6
2024/3/25, 15, 9, 7
2024/3/26, 17, 22, 6
2024/3/27, 38, 29, 6
2024/3/28, 45, 23, 8
2024/3/29, 33, 37, 9
2024/3/30, 28, 12, 4
2024/3/31, 22, 8, 1
2023/10/1, 9, 6, 9
2023/10/2, 15, 9, 8
2023/10/3, 23, 10, 9
2023/10/4, 15, 7, 7
2023/10/5, 11, 6, 9
2023/10/6, 13, 4, 3
2023/10/7, 5, 4, 6
2023/10/8, 6, 8, 11
2023/10/9, 8, , 
2023/10/11, 16, 10, 10
2023/10/12, 9, 10, 10
2023/10/13, 13, 5, 5
2023/10/14, 12, 4, 6
2023/10/15, 7, 8, 12
2023/10/16, 8, 9, 14
2023/10/17, 9, 3, 6
2023/10/18, 7, 3, 4
2023/10/19, 8, 4, 2
2023/10/20, 9, 4, 1
2023/10/21, 9, 2, 1
2023/10/22, 6, 4, 6
2023/10/23, 10, 6, 4
2023/10/24, 13, 6, 3
2023/10/25, 16, 5, 3
2023/10/26, 12, 7, 4
2023/10/27, 15, 6, 4
2023/10/28, 12, 7, 5
2023/10/29, 13, 5, 4
2023/10/30, 10, 1, 3
2023/10/31, 3, 2, 7
2023/11/1, 5, 2, 3
2023/11/2, 7, 7, 4
2023/11/3, 21, 5, 4
2023/11/4, 14, 7, 4
2023/11/5, 20, 7, 4
2023/11/6, 21, 4, 4
2023/11/7, 13, 3, 5
2023/11/8, 8, 3, 6
2023/11/9, 9, 6, 9
2023/11/10, 18, 10, 4
2023/11/11, 27, 2, 2
2023/11/12, 7, 3, 5
2023/11/13, 9, 2, 3
2023/11/14, 5, 4, 6
2023/11/15, 11, 5, 4
2023/11/16, 12, 6, 9
2023/11/17, 16, 9, 7
2023/11/18, 21, 9, 4
2023/11/19, 23, 7, 8
2023/11/20, 21, 6, 10
2023/11/21, 18, 6, 9
2023/11/22, 18, 3, 13
2023/11/23, 9, 3, 7
2023/11/24, 7, 2, 4
2023/11/25, 8, 2, 6
2023/11/26, 6, 3, 6
2023/11/27, 10, 4, 7
2023/11/28, 11, 5, 9
2023/11/29, 14, 5, 4
2023/11/30, 14, 4, 5
2023/12/1, 14, 4, 5
2023/12/2, 15, 4, 4
2023/12/3, 13, 5, 11
2023/12/4, 16, 11, 12
2023/12/5, 33, 11, 14
2023/12/6, 35, 9, 11
2023/12/7, 28, 6, 6
2023/12/8, 21, 8, 3
2023/12/9, 26, 10, 3
2023/12/10, 32, 9, 2
2023/12/11, 30, 6, 5
2023/12/12, 18, 5, 5
2023/12/13, 16, 4, 10
2023/12/14, 12, 7, 11
2023/12/15, 20, 5, 5
2023/12/16, 14, 3, 7
2023/12/17, 9, 4, 9
2023/12/18, 12, 2, 8
2023/12/19, 6, 4, 7
2023/12/20, 12, 4, 6
2023/12/21, 12, 2, 2
2023/12/22, 7, 2, 2
2023/12/23, 6, 4, 6
2023/12/24, 11, 4, 3
2023/12/25, 12, 5, 8
2023/12/26, 16, 3, 11
2023/12/27, 10, 4, 12
2023/12/28, 12, 4, 8
2023/12/29, 11, 4, 4
2023/12/30, 13, 4, 2
2023/12/31, 13, 5, 1
2023/7/1, 23, 7, 3
2023/7/2, 20, 5, 7
2023/7/3, 14, 19, 7
2023/7/4, 18, 18, 6
2023/7/5, 19, 13, 7
2023/7/6, 16, 10, 8
2023/7/7, 16, 13, 4
2023/7/8, 21, 8, 2
2023/7/9, 15, 16, 7
2023/7/10, 14, 17, 8
2023/7/11, 18, 19, 7
2023/7/12, 23, 13, 6
2023/7/13, 16, 14, 7
2023/7/14, 17, 10, 5
2023/7/15, 13, 9, 6
2023/7/16, 17, 15, 5
2023/7/17, 17, 9, 5
2023/7/18, 12, 11, 5
2023/7/19, 13, 10, 6
2023/7/20, 11, 11, 7
2023/7/21, 12, 9, 5
2023/7/22, 12, 9, 6
2023/7/23, 12, 10, 8
2023/7/24, 13, 11, 7
2023/7/25, 20, 13, 7
2023/7/26, 16, 12, 8
2023/7/27, 12, 7, 6
2023/7/28, 12, 10, 6
2023/7/29, 13, 10, 7
2023/7/30, 19, 9, 8
2023/7/31, 19, 11, 7
2023/8/1, 16, 7, 6
2023/8/2, 10, 7, 2
2023/8/3, 17, 9, 6
2023/8/4, 21, 13, 6
2023/8/5, 20, 8, 2
2023/8/6, 20, 22, 3
2023/8/7, 49, 4, 4
2023/8/8, 8, 9, 7
2023/8/9, 11, 3, 6
2023/8/10, 8, 8, 6
2023/8/11, 12, 6, 6
2023/8/12, 13, 8, 7
2023/8/13, 16, 15, 11
2023/8/14, 22, 16, 10
2023/8/15, 26, 17, 11
2023/8/16, 28, 8, 4
2023/8/17, 11, 5, 2
2023/8/18, 10, 6, 2
2023/8/19, 12, 7, 5
2023/8/20, 16, 14, 9
2023/8/21, 21, 10, 8
2023/8/22, 20, 14, 9
2023/8/23, 18, 10, 10
2023/8/24, 18, 9, 6
2023/8/25, 23, 10, 2
2023/8/26, 24, 11, 7
2023/8/27, 19, 9, 11
2023/8/28, 22, 13, 10
2023/8/29, 19, 9, 6
2023/8/30, 19, 9, 7
2023/8/31, 17, 8, 6
2023/9/1, 19, 5, 6
2023/9/2, 13, 6, 4
2023/9/3, 9, 13, 8
2023/9/4, 16, 9, 5
2023/9/5, 15, 6, 5
2023/9/6, 8, 15, 10
2023/9/7, 20, 17, 7
2023/9/8, 32, 14, 6
2023/9/9, 31, 21, 6
2023/9/10, 49, 17, 5
2023/9/11, 43, 16, 8
2023/9/12, 35, 5, 4
2023/9/13, 10, 6, 6
2023/9/14, 8, 9, 9
2023/9/15, 13, 9, 6
2023/9/16, 13, 4, 4
2023/9/17, 8, 8, 8
2023/9/18, 10, 10, 7
2023/9/19, 23, 5, 8
2023/9/20, 9, 11, 7
2023/9/21, 18, 15, 8
2023/9/22, 32, 6, 6
2023/9/23, 12, 5, 4
2023/9/24, 9, 8, 7
2023/9/25, 13, 12, 10
2023/9/26, 23, 20, 11
2023/9/27, 40, 16, 9
2023/9/28, 37, 14, 9
2023/9/29, 29, 8, 5
2023/9/30, 14, 5, 6
2023/4/5, 15, 13, 4
2023/4/6, 20, 17, 3
2023/4/7, 16, 48, 8
2023/4/8, 26, 32, 4
2023/4/9, 19, 26, 7
2023/4/10, 21, 38, 10
2023/4/11, 37, 37, 8
2023/4/12, 49, 26, 4
2023/4/13, 37, 11, 3
2023/4/14, 23, 22, 2
2023/4/15, 24, 27, 3
2023/4/16, 27, 41, 6
2023/4/17, 32, 34, 4
2023/4/18, 19, 21, 5
2023/4/19, 12, 73, 15
2023/4/20, 37, 40, 10
2023/4/21, 28, 33, 8
2023/4/22, 23, 18, 4
2023/4/23, 21, 5, 2
2023/4/24, 14, 5, 7
2023/4/25, 14, 36, 9
2023/4/26, 20, 27, 9
2023/4/27, 13, 6, 8
2023/4/28, 8, 17, 8
2023/4/29, 16, 50, 10
2023/4/30, 28, 26, 8
2023/5/1, 23, 25, 7
2023/5/2, 14, 10, 6
2023/5/3, 9, 18, 6
2023/5/4, 15, 25, 8
2023/5/5, 20, 16, 7
2023/5/6, 16, 14, 5
2023/5/7, 16, 35, 11
2023/5/8, 25, 32, 10
2023/5/9, 28, 41, 11
2023/5/10, 35, 37, 12
2023/5/11, 32, 31, 14
2023/5/12, 31, 29, 9
2023/5/13, 34, 29, 9
2023/5/14, 38, 36, 13
2023/5/15, 40, 18, 8
2023/5/16, 38, 6, 2
2023/5/17, 16, 25, 4
2023/5/18, 13, 20, 9
2023/5/19, 15, 13, 6
2023/5/20, 15, 15, 8
2023/5/21, 17, 26, 11
2023/5/22, 24, 26, 13
2023/5/23, 24, 28, 14
2023/5/24, 28, 20, 5
2023/5/25, 19, 24, 6
2023/5/26, 15, 23, 5
2023/5/27, 15, 12, 5
2023/5/28, 18, 19, 7
2023/5/29, 15, 21, 7
2023/5/30, 17, 17, 5
2023/5/31, 12, 13, 4
2023/6/1, 9, 11, 4
2023/6/2, 7, 9, 5
2023/6/3, 10, 8, 4
2023/6/4, 7, 20, 7
2023/6/5, 13, 8, 1
2023/6/6, 9, 18, 5
2023/6/7, 12, 10, 2
2023/6/8, 11, 14, 3
2023/6/9, 11, 14, 5
2023/6/10, 10, 18, 6
2023/6/11, 14, 25, 6
2023/6/12, 18, 35, 9
2023/6/13, 26, 21, 5
2023/6/14, 24, 24, 8
2023/6/15, 28, 18, 4
2023/6/16, 28, 14, 2
2023/6/17, 24, 13, 1
2023/6/18, 28, 18, 4
2023/6/19, 40, 21, 7
2023/6/20, 36, 23, 7
2023/6/21, 33, 22, 7
2023/6/22, 29, 9, 2
2023/6/23, 16, 8, 2
2023/6/24, 11, 6, 1
2023/6/25, 13, 10, 4
2023/6/26, 12, 11, 3
2023/6/27, 22, 17, 6
2023/6/28, 30, 27, 9
2023/6/29, 32, 17, 8
2023/6/30, 23, 18, 5
2023/1/2, 21, 3, 12
2023/1/3, 8, 4, 6
2023/1/4, 10, 5, 4
2023/1/5, 15, 4, 6
2023/1/6, 12, 7, 4
2023/1/7, 23, 6, 4
2023/1/8, 21, 10, 8
2023/1/9, 28, 5, 10
2023/1/10, 15, 3, 5
2023/1/11, 10, 6, 9
2023/1/12, 16, 5, 10
2023/1/13, 13, 4, 7
2023/1/14, 13, 3, 3
2023/1/15, 10, 3, 10
2023/1/16, 8, 5, 5
2023/1/17, 16, 6, 7
2023/1/18, 16, 8, 12
2023/1/19, 21, 10, 12
2023/1/20, 29, 7, 6
2023/1/21, 22, 7, 5
2023/1/22, 21, 9, 8
2023/1/23, 28, 10, 10
2023/1/24, 30, 4, 7
2023/1/25, 11, 9, 10
2023/1/26, 12, 6, 14
2023/1/27, 12, 5, 8
2023/1/28, 12, 5, 6
2023/1/29, 13, 12, 7
2023/1/30, 7, 45, 13
2023/1/31, 19, 22, 10
2023/2/1, 20, 13, 11
2023/2/2, 12, 13, 9
2023/2/3, 17, 21, 6
2023/2/4, 17, 6, 7
2023/2/5, 12, 8, 20
2023/2/6, 16, 10, 12
2023/2/7, 27, 9, 11
2023/2/8, 25, 41, 8
2023/2/9, 42, 39, 10
2023/2/10, 17, 4, 9
2023/2/11, 12, 5, 9
2023/2/12, 14, 7, 18
2023/2/13, 12, 8, 22
2023/2/14, 17, 11, 12
2023/2/15, 30, 18, 11
2023/2/16, 47, 12, 10
2023/2/17, 35, 27, 3
2023/2/18, 12, 37, 8
2023/2/19, 15, 7, 10
2023/2/20, 7, 5, 6
2023/2/21, 17, 8, 16
2023/2/22, 24, 6, 17
2023/2/23, 18, 5, 8
2023/2/24, 14, 3, 4
2023/2/25, 8, 4, 9
2023/2/26, 11, 7, 24
2023/2/27, 13, 6, 21
2023/2/28, 8, 9, 18
2023/3/1, 8, 90, 16
2023/3/2, 31, 24, 10
2023/3/3, 14, 39, 4
2023/3/4, 15, 13, 5
2023/3/5, 8, 5, 9
2023/3/6, 9, 18, 10
2023/3/7, 19, 3, 8
2023/3/8, 10, 7, 19
2023/3/9, 18, 5, 16
2023/3/10, 14, 7, 13
2023/3/11, 22, 6, 14
2023/3/12, 15, 7, 13
2023/3/13, 10, 3, 11
2023/3/14, 8, 19, 14
2023/3/15, 10, 44, 14
2023/3/16, 24, 25, 9
2023/3/17, 23, 17, 8
2023/3/18, 50, 7, 5
2023/3/19, 23, 5, 7
2023/3/20, 14, 18, 12
2023/3/21, 14, 4, 9
2023/3/22, 13, 37, 12
2023/3/23, 33, 10, 9
2023/3/24, 17, 2, 2
2023/3/25, 6, 4, 2
2023/3/26, 8, 4, 3
2023/3/27, 9, , 
2022/10/1, 22, 17, 5
2022/10/2, 46, 16, 12
2022/10/3, 39, 11, 12
2022/10/4, 15, 8, 10
2022/10/5, 20, 12, 8
2022/10/6, 15, 13, 9
2022/10/7, 24, 9, 6
2022/10/8, 16, 6, 7
2022/10/9, 11, 10, 7
2022/10/10, 16, 9, 10
2022/10/11, 16, 9, 14
2022/10/12, 13, 12, 11
2022/10/13, 23, 21, 12
2022/10/14, 45, 16, 6
2022/10/15, 43, 10, 5
2022/10/16, 26, 8, 12
2022/10/17, 14, 4, 10
2022/10/18, 9, 6, 11
2022/10/19, 8, 13, 15
2022/10/20, 16, 11, 11
2022/10/21, 22, 13, 9
2022/10/22, 34, 11, 7
2022/10/23, 24, 4, 6
2022/10/24, 8, 7, 10
2022/10/25, 17, 4, 8
2022/10/26, 10, 14, 10
2022/10/27, 31, 14, 12
2022/10/28, 34, 7, 6
2022/10/29, 12, 13, 12
2022/10/30, 16, 11, 11
2022/10/31, 28, 10, 12
2022/11/1, 24, 11, 9
2022/11/2, 28, 9, 9
2022/11/3, 23, 12, 11
2022/11/4, 23, 6, 5
2022/11/5, 16, 4, 5
2022/11/6, 12, 7, 8
2022/11/7, 20, 4, 7
2022/11/8, 12, 11, 9
2022/11/9, 27, 10, 12
2022/11/10, 23, 9, 7
2022/11/11, 19, 16, 10
2022/11/12, 25, 12, 9
2022/11/13, 27, 4, 9
2022/11/14, 11, 4, 2
2022/11/15, 9, 4, 2
2022/11/16, 7, 4, 4
2022/11/17, 10, 3, 5
2022/11/18, 10, 5, 1
2022/11/19, 10, 3, 2
2022/11/20, 9, 8, 3
2022/11/21, 26, 9, 7
2022/11/22, 28, 6, 3
2022/11/23, 18, 3, 6
2022/11/24, 10, 6, 7
2022/11/25, 19, 8, 4
2022/11/26, 26, 8, 4
2022/11/27, 24, 9, 7
2022/11/28, 28, 7, 4
2022/11/29, 22, 8, 11
2022/11/30, 24, 9, 8
2022/12/1, 28, 11, 5
2022/12/2, 34, 9, 3
2022/12/3, 28, 5, 2
2022/12/4, 15, 16, 11
2022/12/5, 24, 9, 14
2022/12/6, 22, 9, 13
2022/12/7, 23, 14, 13
2022/12/8, 32, 12, 10
2022/12/9, 29, 5, 5
2022/12/10, 14, 6, 4
2022/12/11, 19, 7, 4
2022/12/12, 20, 5, 9
2022/12/13, 14, 6, 11
2022/12/14, 19, 12, 18
2022/12/15, 32, 14, 21
2022/12/16, 39, 7, 7
2022/12/17, 21, 9, 6
2022/12/18, 25, 13, 19
2022/12/19, 33, 10, 9
2022/12/20, 29, 6, 10
2022/12/21, 16, 6, 10
2022/12/22, 17, 3, 10
2022/12/23, 9, 5, 9
2022/12/24, 15, 7, 7
2022/12/25, 24, 8, 5
2022/12/26, 25, 3, 11
2022/12/27, 8, 4, 12
2022/12/28, 12, 5, 9
2022/12/29, 13, 5, 10
2022/12/30, 12, 7, 4
2022/12/31, 18, 7, 11
2023/1/1, 19, 7, 13
2022/7/1, 38, 16, 3
2022/7/2, 32, 12, 4
2022/7/3, 15, 11, 7
2022/7/4, 16, 17, 5
2022/7/5, 15, 13, 5
2022/7/6, 14, 8, 4
2022/7/7, 12, 6, 4
2022/7/8, 10, 6, 3
2022/7/9, 9, 4, 1
2022/7/10, 6, 5, 1
2022/7/11, 8, 5, 2
2022/7/12, 7, 12, 5
2022/7/13, 17, 6, 3
2022/7/14, 10, 5, 3
2022/7/15, 7, 4, 1
2022/7/16, 7, 3, 2
2022/7/17, 5, 9, 5
2022/7/18, 14, 6, 2
2022/7/19, 15, 9, 5
2022/7/20, 16, 17, 8
2022/7/21, 29, 9, 1
2022/7/22, 22, 3, 1
2022/7/23, 9, 6, 2
2022/7/24, 13, 11, 5
2022/7/25, 23, 10, 5
2022/7/26, 20, 4, 2
2022/7/27, 7, 3, 2
2022/7/28, 5, 4, 3
2022/7/29, 6, 5, 3
2022/7/30, 8, 8, 3
2022/7/31, 12, 9, 7
2022/8/1, 11, 6, 2
2022/8/2, 9, 8, 
2022/8/3, 14, 10, 
2022/8/4, 15, 12, 
2022/8/5, 30, 8, 
2022/8/6, 13, 7, 
2022/8/7, 11, 8, 
2022/8/8, 14, 10, 10
2022/8/9, 15, 13, 7
2022/8/10, 21, 12, 9
2022/8/11, 18, 9, 3
2022/8/12, 16, 9, 3
2022/8/13, 17, 10, 5
2022/8/14, 15, 18, 7
2022/8/15, 31, , 
2022/8/17, 43, 14, 1
2022/8/18, 34, 24, 10
2022/8/19, 47, 18, 6
2022/8/20, 43, 9, 5
2022/8/21, 17, 10, 10
2022/8/22, 15, 12, 8
2022/8/23, 14, 10, 5
2022/8/24, 17, 10, 3
2022/8/25, 14, 10, 8
2022/8/26, 17, 22, 6
2022/8/27, 48, 3, 1
2022/8/28, 8, 4, 2
2022/8/29, 7, 3, 3
2022/8/30, 6, 4, 5
2022/8/31, 7, 3, 5
2022/9/1, 6, 4, 6
2022/9/2, 8, 5, 6
2022/9/3, 9, 3, 3
2022/9/4, 8, 8, 9
2022/9/5, 13, 23, 11
2022/9/6, 24, 12, 6
2022/9/7, 17, 7, 7
2022/9/8, 11, 7, 8
2022/9/9, 10, 12, 6
2022/9/10, 19, 12, 7
2022/9/11, 21, 26, 12
2022/9/12, 30, 6, 12
2022/9/13, 15, 5, 10
2022/9/14, 13, 4, 9
2022/9/15, 9, 4, 5
2022/9/16, 9, 3, 4
2022/9/17, 8, 3, 3
2022/9/18, 7, 2, 4
2022/9/19, 6, 16, 5
2022/9/20, 16, 30, 12
2022/9/21, 30, 19, 16
2022/9/22, 22, 11, 13
2022/9/23, 19, 14, 10
2022/9/24, 29, 10, 8
2022/9/25, 22, 9, 13
2022/9/26, 24, 12, 8
2022/9/27, 30, 8, 2
2022/9/28, 18, 6, 4
2022/9/29, 12, 9, 11
2022/9/30, 16, 10, 9
2022/4/1, 14, 31, 13
2022/4/2, 27, 22, 11
2022/4/3, 13, 4, 10
2022/4/4, 9, 3, 11
2022/4/5, 7, 56, 18
2022/4/6, 23, 8, 5
2022/4/7, 10, 2, 15
2022/4/8, 7, 2, 8
2022/4/9, 7, 35, 8
2022/4/10, 15, 73, 18
2022/4/11, 31, 26, 14
2022/4/12, 14, 28, 15
2022/4/13, 19, 8, 8
2022/4/14, 21, 10, 3
2022/4/15, 11, 18, 8
2022/4/16, 13, 10, 8
2022/4/17, 11, 11, 7
2022/4/18, 12, 40, 13
2022/4/19, 26, 18, 5
2022/4/20, 19, 16, 5
2022/4/21, 16, 11, 5
2022/4/22, 13, 9, 1
2022/4/23, 8, 7, 1
2022/4/24, 14, 21, 9
2022/4/25, 22, 18, 6
2022/4/26, 12, 24, 11
2022/4/27, 16, 33, 15
2022/4/28, 18, 17, 12
2022/4/29, 13, 25, 14
2022/4/30, 19, 15, 8
2022/5/1, 16, 25, 13
2022/5/2, 15, 16, 8
2022/5/3, 12, 20, 11
2022/5/4, 14, 17, 15
2022/5/5, 22, 18, 17
2022/5/6, 23, 12, 7
2022/5/7, 16, 15, 6
2022/5/8, 13, 30, 14
2022/5/9, 20, 29, 13
2022/5/10, 27, 26, 12
2022/5/11, 27, 27, 13
2022/5/12, 21, 38, 14
2022/5/13, 29, 6, 7
2022/5/14, 11, 10, 5
2022/5/15, 9, 14, 6
2022/5/16, 11, 14, 7
2022/5/17, 13, 38, 17
2022/5/18, 25, 14, 8
2022/5/19, 17, 12, 9
2022/5/20, 19, 9, 3
2022/5/21, 17, , 
2022/5/23, 28, 33, 14
2022/5/24, 30, 21, 15
2022/5/25, 29, 9, 6
2022/5/26, 12, 10, 10
2022/5/27, 16, 4, 4
2022/5/28, 13, 11, 5
2022/5/29, 12, 9, 6
2022/5/30, 13, 11, 6
2022/5/31, 32, 17, 12
2022/6/1, 22, 9, 13
2022/6/2, 25, 20, 14
2022/6/3, 31, 18, 9
2022/6/4, 22, 13, 4
2022/6/5, 16, 11, 6
2022/6/6, 10, 18, 12
2022/6/7, 21, 18, 13
2022/6/8, 29, 17, 15
2022/6/9, 22, 21, 16
2022/6/10, 36, 17, 8
2022/6/11, 28, 15, 7
2022/6/12, 25, 17, 7
2022/6/13, 21, 9, 4
2022/6/14, 11, 8, 5
2022/6/15, 11, 7, 5
2022/6/16, 12, 12, 6
2022/6/17, 12, 17, 3
2022/6/18, 32, 7, 2
2022/6/19, 8, 8, 2
2022/6/20, 16, 14, 6
2022/6/21, 21, 15, 6
2022/6/22, 23, 15, 5
2022/6/23, 20, 9, 3
2022/6/24, 17, 14, 3
2022/6/25, 25, 15, 3
2022/6/26, 27, 26, 8
2022/6/27, 38, 27, 7
2022/6/28, 41, 13, 4
2022/6/29, 29, 19, 3
2022/6/30, 45, 15, 6
2022/1/3, 16, 4, 17
2022/1/4, 11, 4, 11
2022/1/5, 11, 2, 9
2022/1/6, 7, 5, 21
2022/1/7, 15, 5, 10
2022/1/8, 17, 10, 5
2022/1/9, 31, 10, 8
2022/1/10, 33, 11, 17
2022/1/11, 35, 11, 15
2022/1/12, 35, 4, 16
2022/1/13, 10, 31, 12
2022/1/14, 16, 14, 12
2022/1/15, 11, 6, 10
2022/1/16, 16, 22, 11
2022/1/17, 10, 20, 20
2022/1/18, 12, 5, 12
2022/1/19, 16, 2, 6
2022/1/20, 4, 4, 10
2022/1/21, 8, 5, 14
2022/1/22, 13, 6, 13
2022/1/23, 18, 5, 22
2022/1/24, 15, 5, 30
2022/1/25, 13, 6, 22
2022/1/26, 18, 5, 16
2022/1/27, 14, 7, 16
2022/1/28, 9, 3, 8
2022/1/29, 6, 1, 2
2022/1/30, 3, 2, 8
2022/1/31, 6, 3, 15
2022/2/1, 8, 6, 15
2022/2/2, 15, 9, 17
2022/2/3, 26, 3, 10
2022/2/4, 9, 5, 11
2022/2/5, 13, 4, 9
2022/2/6, 11, 5, 17
2022/2/7, 9, 3, 18
2022/2/8, 8, 6, 16
2022/2/9, 14, 12, 18
2022/2/10, 13, 40, 19
2022/2/11, 18, 14, 7
2022/2/12, 17, 8, 6
2022/2/13, 24, 11, 14
2022/2/14, 34, 10, 14
2022/2/15, 28, 6, 14
2022/2/16, 17, 9, 8
2022/2/17, 13, 17, 18
2022/2/18, 13, 9, 8
2022/2/19, 12, 9, 10
2022/2/20, 16, 1, 3
2022/2/21, 4, 5, 16
2022/2/22, 17, 8, 19
2022/2/23, 23, 4, 13
2022/2/24, 11, 6, 18
2022/2/25, 12, 23, 11
2022/2/26, 14, 11, 9
2022/2/27, 16, 9, 18
2022/2/28, 20, 23, 15
2022/3/1, 35, 12, 21
2022/3/2, 28, 9, 9
2022/3/3, 9, 44, 23
2022/3/4, 24, 20, 12
2022/3/5, 15, 10, 11
2022/3/6, 9, 9, 21
2022/3/7, 11, 18, 25
2022/3/8, 20, 12, 14
2022/3/9, 23, 10, 14
2022/3/10, 16, 36, 18
2022/3/11, 36, 57, 22
2022/3/12, 47, 50, 24
2022/3/13, 47, 55, 28
2022/3/14, 67, 47, 22
2022/3/15, 78, 50, 23
2022/3/16, 88, 41, 15
2022/3/17, 68, 16, 14
2022/3/18, 36, 17, 16
2022/3/19, 17, 23, 17
2022/3/20, 19, 41, 20
2022/3/21, 51, 48, 21
2022/3/22, 70, 31, 19
2022/3/23, 50, 28, 21
2022/3/24, 44, 24, 16
2022/3/25, 42, 31, 4
2022/3/26, 16, 12, 7
2022/3/27, 12, 28, 10
2022/3/28, 19, 18, 7
2022/3/29, 13, 23, 13
2022/3/30, 15, 21, 13
2022/3/31, 16, 8, 9
2021/10/1, 15, 11, 7
2021/10/2, 30, 23, 7
2021/10/3, 58, 18, 13
2021/10/4, 47, 14, 11
2021/10/5, 36, 13, 11
2021/10/6, 36, 10, 13
2021/10/7, 24, 16, 14
2021/10/8, 34, 14, 10
2021/10/9, 37, 15, 8
2021/10/10, 40, 13, 13
2021/10/11, 33, 3, 10
2021/10/12, 6, 5, 12
2021/10/13, 10, 5, 12
2021/10/14, 12, 6, 11
2021/10/15, 11, 7, 11
2021/10/16, 11, 6, 12
2021/10/17, 10, 10, 15
2021/10/18, 11, 9, 19
2021/10/19, 21, 6, 11
2021/10/20, 14, 7, 13
2021/10/21, 16, 7, 15
2021/10/22, 8, 5, 8
2021/10/23, 10, 7, 12
2021/10/24, 15, 12, 14
2021/10/25, 27, 15, 15
2021/10/26, 36, 6, 14
2021/10/27, 14, 6, 13
2021/10/28, 16, 17, 15
2021/10/29, 43, 23, 8
2021/10/30, 58, 24, 9
2021/10/31, 57, 23, 13
2021/11/1, 54, 35, 11
2021/11/2, 73, 27, 9
2021/11/3, 66, 10, 13
2021/11/4, 32, 7, 10
2021/11/5, 15, 9, 9
2021/11/6, 15, 4, 6
2021/11/7, 9, 3, 9
2021/11/8, 9, 5, 13
2021/11/9, 13, 3, 13
2021/11/10, 8, 7, 8
2021/11/11, 16, 9, 14
2021/11/12, 11, 10, 11
2021/11/13, 22, 7, 8
2021/11/14, 19, 23, 14
2021/11/15, 25, 11, 18
2021/11/16, 26, 7, 10
2021/11/17, 19, 4, 15
2021/11/18, 10, 5, 14
2021/11/19, 12, 37, 10
2021/11/20, 17, 2, 11
2021/11/21, 7, 3, 14
2021/11/22, 8, 4, 19
2021/11/23, 10, 4, 16
2021/11/24, 10, 4, 13
2021/11/25, 10, 8, 16
2021/11/26, 19, 7, 15
2021/11/27, 21, 18, 11
2021/11/28, 16, 7, 16
2021/11/29, 18, 5, 11
2021/11/30, 14, 10, 15
2021/12/1, 24, 8, 9
2021/12/2, 20, 7, 13
2021/12/3, 23, 11, 12
2021/12/4, 36, 4, 5
2021/12/5, 12, 9, 22
2021/12/6, 24, 10, 21
2021/12/7, 31, 9, 17
2021/12/8, 32, 5, 14
2021/12/9, 16, 4, 7
2021/12/10, 13, 6, 9
2021/12/11, 23, 13, 15
2021/12/12, 43, 9, 16
2021/12/13, 30, 4, 17
2021/12/14, 13, 6, 20
2021/12/15, 16, 4, 22
2021/12/16, 10, 4, 23
2021/12/17, 11, 3, 16
2021/12/18, 9, 4, 6
2021/12/19, 4, 3, 11
2021/12/20, 8, 4, 21
2021/12/21, 13, 10, 26
2021/12/22, 28, 5, 16
2021/12/23, 15, 2, 8
2021/12/24, 5, 2, 10
2021/12/25, 6, 3, 19
2021/12/26, 10, 6, 22
2021/12/27, 19, 9, 18
2021/12/28, 29, 19, 22
2021/12/29, 55, 15, 15
2021/12/30, 46, 4, 15
2021/12/31, 12, 5, 6
2022/1/1, 14, 4, 13
2022/1/2, 13, 5, 19
2021/7/1, 9, 8, 3
2021/7/2, 14, 13, 5
2021/7/3, 24, 14, 8
2021/7/4, 27, 14, 6
2021/7/5, 23, 15, 10
2021/7/6, 25, 14, 12
2021/7/7, 33, 16, 12
2021/7/8, 23, 13, 9
2021/7/9, 21, 13, 5
2021/7/10, 28, 11, 7
2021/7/11, 23, 13, 11
2021/7/12, 22, 15, 9
2021/7/13, 29, 14, 8
2021/7/14, 25, 23, 12
2021/7/15, 39, 10, 3
2021/7/16, 19, 14, 7
2021/7/17, 28, 10, 5
2021/7/18, 25, 6, 6
2021/7/19, 8, 9, 7
2021/7/20, 13, 7, 7
2021/7/21, 7, 13, 11
2021/7/22, 13, 8, 5
2021/7/23, 13, 11, 8
2021/7/24, 17, 11, 8
2021/7/25, 19, 14, 10
2021/7/26, 19, 17, 6
2021/7/27, 26, 20, 10
2021/7/28, 51, 14, 10
2021/7/29, 30, 7, 11
2021/7/30, 12, 10, 9
2021/7/31, 21, 12, 8
2021/8/1, 23, 8, 5
2021/8/2, 15, 5, 7
2021/8/3, 7, 10, 12
2021/8/4, 11, 11, 14
2021/8/5, 12, 7, 8
2021/8/6, 11, 5, 3
2021/8/7, 13, 7, 7
2021/8/8, 15, 11, 13
2021/8/9, 20, 13, 11
2021/8/10, 23, 10, 13
2021/8/11, 22, 13, 13
2021/8/12, 23, 15, 14
2021/8/13, 29, 13, 7
2021/8/14, 23, 6, 6
2021/8/15, 12, 7, 10
2021/8/16, 15, 6, 9
2021/8/17, 15, 4, 13
2021/8/18, 10, 7, 11
2021/8/19, 10, 10, 13
2021/8/20, 11, 7, 9
2021/8/21, 10, 5, 8
2021/8/22, 10, 7, 7
2021/8/23, 10, 9, 10
2021/8/24, 13, 5, 9
2021/8/25, 10, 3, 3
2021/8/26, 7, 7, 2
2021/8/27, 16, 9, 2
2021/8/28, 21, 9, 2
2021/8/29, 22, 10, 7
2021/8/30, 23, 10, 9
2021/8/31, 22, 10, 13
2021/9/1, 16, 11, 13
2021/9/2, 15, 8, 7
2021/9/3, 12, 6, 9
2021/9/4, 10, 10, 11
2021/9/5, 16, 11, 16
2021/9/6, 17, 12, 16
2021/9/7, 22, 11, 13
2021/9/8, 22, 14, 14
2021/9/9, 27, 10, 8
2021/9/10, 26, 17, 9
2021/9/11, 47, 15, 9
2021/9/12, 38, 5, 9
2021/9/13, 9, 8, 15
2021/9/14, 13, 7, 8
2021/9/15, 13, 6, 6
2021/9/16, 15, 8, 3
2021/9/17, 22, 6, 3
2021/9/18, 14, 6, 2
2021/9/19, 15, 10, 7
2021/9/20, 20, 11, 15
2021/9/21, 24, 8, 12
2021/9/22, 17, 5, 12
2021/9/23, 14, 3, 9
2021/9/24, 6, 7, 10
2021/9/25, 16, 9, 14
2021/9/26, 15, 7, 14
2021/9/27, 11, 12, 12
2021/9/28, 22, 18, 10
2021/9/29, 37, 22, 6
2021/9/30, 48, 6, 8
2021/4/1, 13, 8, 6
2021/4/2, 7, 8, 4
2021/4/3, 7, 16, 6
2021/4/4, 15, 17, 5
2021/4/5, 12, 35, 10
2021/4/6, 12, 19, 7
2021/4/7, 14, 55, 13
2021/4/8, 30, 12, 8
2021/4/9, 10, 19, 8
2021/4/10, 11, 8, 7
2021/4/11, 9, 12, 11
2021/4/12, 16, 15, 12
2021/4/13, 12, 17, 11
2021/4/14, 13, 23, 9
2021/4/15, 23, 16, 6
2021/4/16, 16, 6, 3
2021/4/17, 10, 7, 4
2021/4/18, 13, 19, 9
2021/4/19, 20, 31, 14
2021/4/20, 25, 20, 14
2021/4/21, 19, 4, 7
2021/4/22, 10, 15, 6
2021/4/23, 9, 8, 4
2021/4/24, 6, 6, 4
2021/4/25, 7, 12, 7
2021/4/26, 10, 22, 9
2021/4/27, 17, 28, 14
2021/4/28, 22, 11, 8
2021/4/29, 15, 11, 8
2021/4/30, 15, 13, 7
2021/5/1, 22, 8, 7
2021/5/2, 11, 13, 11
2021/5/3, 15, 14, 8
2021/5/4, 14, 3, 2
2021/5/5, 7, 1, 3
2021/5/6, 3, 6, 6
2021/5/7, 11, 15, 7
2021/5/8, 19, 9, 8
2021/5/9, 20, 28, 15
2021/5/10, 46, 29, 14
2021/5/11, 32, 27, 14
2021/5/12, 35, 25, 9
2021/5/13, 41, 28, 13
2021/5/14, 57, 10, 4
2021/5/15, 28, 13, 6
2021/5/16, 27, 12, 8
2021/5/17, 19, 11, 13
2021/5/18, 24, 11, 14
2021/5/19, 17, 16, 13
2021/5/20, 22, 10, 11
2021/5/21, 13, 11, 9
2021/5/22, 15, 6, 3
2021/5/23, 16, 7, 7
2021/5/24, 11, 10, 5
2021/5/25, 20, 5, 2
2021/5/26, 14, 2, 5
2021/5/27, 4, 7, 4
2021/5/28, 15, 12, 4
2021/5/29, 17, 20, 9
2021/5/30, 26, 18, 8
2021/5/31, 22, 9, 3
2021/6/1, 14, 14, 8
2021/6/2, 19, 24, 16
2021/6/3, 28, 25, 13
2021/6/4, 29, 22, 11
2021/6/5, 26, 19, 12
2021/6/6, 29, 29, 14
2021/6/7, 41, 26, 12
2021/6/8, 57, 25, 13
2021/6/9, 46, 20, 17
2021/6/10, 26, 22, 14
2021/6/11, 29, 13, 5
2021/6/12, 24, 7, 5
2021/6/13, 14, 14, 7
2021/6/14, 17, 11, 7
2021/6/15, 12, 12, 9
2021/6/16, 14, 18, 11
2021/6/17, 20, 25, 15
2021/6/18, 33, 13, 7
2021/6/19, 24, 19, 8
2021/6/20, 43, 26, 12
2021/6/21, 41, 20, 5
2021/6/22, 44, 8, 4
2021/6/23, 17, 12, 10
2021/6/24, 20, 13, 7
2021/6/25, 30, 10, 3
2021/6/26, 23, 11, 6
2021/6/27, 22, 18, 8
2021/6/28, 38, 18, 13
2021/6/29, 29, 10, 2
2021/6/30, 22, 6, 2
2021/1/12, 10, 5, 7
2021/1/13, 17, 6, 5
2021/1/14, 20, 5, 12
2021/1/15, 14, 4, 7
2021/1/16, 15, 8, 9
2021/1/17, 24, 8, 14
2021/1/18, 22, 12, 13
2021/1/19, 34, 15, 7
2021/1/20, 47, 8, 10
2021/1/21, 25, 5, 9
2021/1/22, 13, , 
2021/1/24, 18, 3, 9
2021/1/25, 8, 1, 8
2021/1/26, 5, 4, 11
2021/1/27, 12, 4, 9
2021/1/28, 14, 6, 6
2021/1/29, 22, , 
2021/2/1, 20, 10, 12
2021/2/2, 31, 7, 7
2021/2/3, 21, 5, 10
2021/2/4, 16, 6, 15
2021/2/5, 19, 4, 10
2021/2/6, 16, 3, 12
2021/2/7, 9, 4, 14
2021/2/8, 10, 7, 24
2021/2/9, 20, 11, 18
2021/2/10, 31, 3, 14
2021/2/11, 11, 4, 19
2021/2/12, 12, 3, 14
2021/2/13, 8, 3, 12
2021/2/14, 8, 8, 27
2021/2/15, 21, 9, 23
2021/2/16, 27, 4, 10
2021/2/17, 9, 6, 15
2021/2/18, 16, 21, 15
2021/2/19, 56, 17, 7
2021/2/20, 49, 16, 14
2021/2/21, 44, 14, 7
2021/2/22, 40, 14, 6
2021/2/23, 42, 16, 12
2021/2/24, 48, 9, 9
2021/2/25, 25, 33, 10
2021/2/26, 16, 30, 9
2021/2/27, 11, 18, 14
2021/2/28, 17, 41, 19
2021/3/1, 30, 83, 14
2021/3/2, 40, 14, 13
2021/3/3, 17, 15, 9
2021/3/4, 10, 25, 10
2021/3/5, 14, 18, 7
2021/3/6, 10, 24, 2
2021/3/7, 11, 30, 10
2021/3/8, 19, 10, 9
2021/3/9, 14, 10, 5
2021/3/10, 23, 22, 11
2021/3/11, 38, 11, 11
2021/3/12, 34, 25, 9
2021/3/13, 23, 40, 8
2021/3/14, 32, 33, 11
2021/3/15, 27, 16, 11
2021/3/16, 17, 22, 10
2021/3/17, 21, 10, 9
2021/3/18, 12, 12, 6
2021/3/19, 11, 15, 8
2021/3/20, 14, 19, 5
2021/3/21, 10, 20, 13
2021/3/22, 10, 20, 18
2021/3/23, 12, 20, 11
2021/3/24, 25, 19, 13
2021/3/25, 25, 15, 12
2021/3/26, 29, 31, 7
2021/3/27, 67, 21, 5
2021/3/28, 59, 5, 8
2021/3/29, 11, 14, 10
2021/3/30, 13, 9, 10
2021/3/31, 11, 15, 12
2020/10/1, 38, 55, 4
2020/10/2, 84, 44, 3
2020/10/3, 75, 36, 2
2020/10/4, 71, 15, 15
2020/10/5, 28, 9, 8
2020/10/6, 25, 11, 16
2020/10/7, 17, 9, 13
2020/10/8, 16, 8, 17
2020/10/9, 14, 7, 11
2020/10/10, 15, 4, 10
2020/10/11, 9, 7, 15
2020/10/12, 8, 4, 10
2020/10/13, 8, 3, 5
2020/10/14, 6, 4, 10
2020/10/15, 7, 3, 12
2020/10/16, 9, 5, 12
2020/10/17, 10, 4, 9
2020/10/18, 6, 7, 17
2020/10/19, 9, 9, 20
2020/10/20, 14, 14, 19
2020/10/21, 43, 6, 12
2020/10/22, 18, 5, 11
2020/10/23, 10, 6, 8
2020/10/24, 15, 6, 7
2020/10/25, 17, 5, 18
2020/10/26, 15, 9, 18
2020/10/27, 26, 7, 15
2020/10/28, 18, 12, 18
2020/10/29, 29, 10, 14
2020/10/30, 28, 6, 9
2020/10/31, 16, 6, 6
2020/11/1, 19, 6, 7
2020/11/2, 17, 10, 17
2020/11/3, 14, 10, 17
2020/11/4, 24, 14, 17
2020/11/5, 14, 17, 19
2020/11/6, 17, 7, 11
2020/11/7, 17, 7, 10
2020/11/8, 16, 8, 14
2020/11/9, 21, 13, 15
2020/11/10, 32, 20, 19
2020/11/11, 39, 28, 15
2020/11/12, 59, 12, 11
2020/11/13, 34, 10, 10
2020/11/14, 28, 13, 6
2020/11/15, 37, 24, 10
2020/11/16, 56, 8, 12
2020/11/17, 18, 3, 14
2020/11/18, 8, 6, 13
2020/11/19, 11, 34, 20
2020/11/20, 21, 2, 7
2020/11/21, 6, 4, 8
2020/11/22, 11, 15, 17
2020/11/23, 10, 8, 17
2020/11/24, 12, 6, 14
2020/11/25, 17, 8, 12
2020/11/26, 24, 3, 15
2020/11/27, 10, 6, 8
2020/11/28, 21, 7, 5
2020/11/29, 22, 8, 15
2020/11/30, 23, 7, 13
2020/12/1, 22, 10, 15
2020/12/2, 27, 20, 13
2020/12/3, 46, 10, 9
2020/12/4, 24, 22, 10
2020/12/5, 58, 21, 8
2020/12/6, 57, 15, 12
2020/12/7, 40, 28, 11
2020/12/8, 50, 13, 10
2020/12/9, 35, 18, 11
2020/12/10, 45, 16, 3
2020/12/11, 43, 11, 3
2020/12/12, 36, 12, 2
2020/12/13, 39, , 
2020/7/1, 13, 11, 12
2020/7/2, 14, 12, 12
2020/7/3, 12, 7, 9
2020/7/4, 11, 5, 7
2020/7/5, 9, 12, 9
2020/7/6, 12, 6, 10
2020/7/7, 8, 8, 10
2020/7/8, 9, 7, 9
2020/7/9, 7, 9, 7
2020/7/10, 9, 8, 7
2020/7/11, 12, 6, 6
2020/7/12, 9, 5, 7
2020/7/13, 8, 8, 10
2020/7/14, 16, 11, 11
2020/7/15, 21, 11, 12
2020/7/16, 24, 11, 13
2020/7/17, 21, 10, 8
2020/7/18, 15, 12, 9
2020/7/19, 21, 13, 13
2020/7/20, 27, 5, 8
2020/7/21, 10, 5, 7
2020/7/22, 7, 5, 7
2020/7/23, 6, 5, 9
2020/7/24, 6, 5, 8
2020/7/25, 8, 7, 9
2020/7/26, 11, 9, 10
2020/7/27, 17, 10, 9
2020/7/28, 21, 10, 8
2020/7/29, 15, 6, 9
2020/7/30, 11, 7, 3
2020/7/31, 17, 11, 7
2020/8/1, 27, 10, 7
2020/8/2, 23, 10, 10
2020/8/3, 16, 6, 10
2020/8/4, 8, 13, 12
2020/8/5, 16, 8, 11
2020/8/6, 15, 12, 16
2020/8/7, 17, 11, 11
2020/8/8, 17, 9, 5
2020/8/9, 17, 6, 4
2020/8/10, 10, 7, 6
2020/8/11, 11, 13, 14
2020/8/12, 15, 13, 8
2020/8/13, 29, 16, 18
2020/8/14, 32, 19, 16
2020/8/15, 33, 10, 6
2020/8/16, 22, 12, 8
2020/8/17, 16, 17, 17
2020/8/18, 31, 19, 21
2020/8/19, 33, 17, 21
2020/8/20, 23, 16, 16
2020/8/21, 26, , 
2020/8/24, 10, 10, 17
2020/8/25, 11, 10, 12
2020/8/26, 8, 7, 7
2020/8/27, 8, 5, 9
2020/8/28, 9, 3, 4
2020/8/29, 8, 5, 6
2020/8/30, 11, 4, 9
2020/8/31, 8, 5, 7
2020/9/1, 12, 8, 9
2020/9/2, 17, 11, 8
2020/9/3, 28, 11, 16
2020/9/4, 25, 9, 10
2020/9/5, 16, 6, 9
2020/9/6, 11, 7, 15
2020/9/7, 9, 6, 15
2020/9/8, 9, 6, 14
2020/9/9, 14, 6, 13
2020/9/10, 6, 13, 19
2020/9/11, 14, 8, 10
2020/9/12, 16, 7, 8
2020/9/13, 13, 9, 15
2020/9/14, 16, 9, 9
2020/9/15, 24, 11, 10
2020/9/16, 23, 8, 11
2020/9/17, 8, 12, 19
2020/9/18, 13, 9, 12
2020/9/19, 14, 8, 9
2020/9/20, 20, 10, 14
2020/9/21, 18, 12, 19
2020/9/22, 17, 23, 25
2020/9/23, 40, , 
2020/9/28, 58, 19, 7
2020/9/29, 46, 17, 12
2020/9/30, 35, 15, 5
2020/4/1, 16, 15, 29
2020/4/2, 14, 26, 37
2020/4/3, 17, 21, 27
2020/4/4, 19, 7, 24
2020/4/5, 16, 28, 22
2020/4/6, 41, 22, 19
2020/4/7, 50, 32, 16
2020/4/8, 33, 31, 15
2020/4/9, 21, 9, 8
2020/4/10, 8, 8, 10
2020/4/11, 9, 6, 7
2020/4/12, 15, 10, 4
2020/4/13, 8, 18, 11
2020/4/14, 14, 35, 17
2020/4/15, 20, 23, 8
2020/4/16, 14, 14, 9
2020/4/17, 9, 9, 7
2020/4/18, 11, 7, 7
2020/4/19, 9, 10, 9
2020/4/20, 10, 17, 15
2020/4/21, 17, 16, 15
2020/4/22, 13, 15, 12
2020/4/23, 13, 7, 8
2020/4/24, 7, 5, 6
2020/4/25, 6, 5, 5
2020/4/26, 9, 22, 16
2020/4/27, 21, 5, 4
2020/4/28, 9, 11, 7
2020/4/29, 14, 23, 14
2020/4/30, 28, 10, 7
2020/5/1, 34, 18, 9
2020/5/2, 23, 12, 9
2020/5/3, 17, 5, 6
2020/5/4, 8, 8, 5
2020/5/5, 8, 31, 18
2020/5/6, 22, 14, 15
2020/5/7, 12, 18, 19
2020/5/8, 22, 9, 8
2020/5/9, 11, 6, 8
2020/5/10, 15, 10, 7
2020/5/11, 8, 20, 14
2020/5/12, 13, 5, 8
2020/5/13, 7, 24, 16
2020/5/14, 18, 20, 17
2020/5/15, 15, 11, 7
2020/5/16, 9, 10, 7
2020/5/17, 10, 10, 13
2020/5/18, 10, 12, 11
2020/5/19, 12, 9, 9
2020/5/20, 10, 10, 6
2020/5/21, 12, 15, 11
2020/5/22, 19, 11, 10
2020/5/23, 17, 14, 8
2020/5/24, 25, 14, 9
2020/5/25, 27, 24, 8
2020/5/26, 26, 16, 1
2020/5/27, 22, 10, 1
2020/5/28, 12, 12, 6
2020/5/29, 12, 7, 3
2020/5/30, 9, 4, 3
2020/5/31, 5, 14, 12
2020/6/1, 12, 28, 13
2020/6/2, 22, 18, 12
2020/6/3, 18, 18, 9
2020/6/4, 25, 18, 13
2020/6/5, 31, 12, 7
2020/6/6, 20, 11, 7
2020/6/7, 13, 15, 20
2020/6/8, 18, 11, 7
2020/6/9, 22, 5, 4
2020/6/10, 6, 7, 3
2020/6/11, 7, 8, 5
2020/6/12, 12, 9, 6
2020/6/13, 14, 11, 8
2020/6/14, 18, 14, 9
2020/6/15, 18, 12, 9
2020/6/16, 23, 10, 7
2020/6/17, 29, 17, 14
2020/6/18, 29, 13, 5
2020/6/19, 31, 12, 2
2020/6/20, 33, 12, 2
2020/6/21, 36, 14, 11
2020/6/22, 18, 15, 14
2020/6/23, 21, 20, 15
2020/6/24, 26, 20, 21
2020/6/25, 28, 17, 16
2020/6/26, 24, 17, 12
2020/6/27, 29, 20, 6
2020/6/28, 44, 18, 13
2020/6/29, 33, 15, 14
2020/6/30, 18, 9, 10
2020/1/1, 29, 14, 17
2020/1/2, 32, 49, 17
2020/1/3, 33, 55, 11
2020/1/4, 30, 13, 15
2020/1/5, 13, 5, 18
2020/1/6, 15, 7, 21
2020/1/7, 20, 35, 19
2020/1/8, 28, 13, 29
2020/1/9, 27, 19, 25
2020/1/10, 42, 12, 13
2020/1/11, 22, 3, 12
2020/1/12, 8, 8, 29
2020/1/13, 21, 8, 14
2020/1/14, 23, 11, 21
2020/1/15, 19, 22, 19
2020/1/16, 27, 12, 19
2020/1/17, 32, 13, 10
2020/1/18, 43, 12, 16
2020/1/19, 10, 9, 17
2020/1/20, 14, 31, 24
2020/1/21, 23, 73, 23
2020/1/22, 41, 15, 28
2020/1/23, 18, 5, 29
2020/1/24, 12, 44, 23
2020/1/25, 22, 4, 15
2020/1/26, 13, 12, 20
2020/1/27, 33, 11, 10
2020/1/28, 35, 8, 13
2020/1/29, 23, 9, 20
2020/1/30, 27, 5, 15
2020/1/31, 15, 5, 10
2020/2/1, 15, 17, 10
2020/2/2, 12, 22, 25
2020/2/3, 21, 17, 25
2020/2/4, 37, 9, 21
2020/2/5, 10, 14, 18
2020/2/6, 16, 9, 21
2020/2/7, 23, 3, 10
2020/2/8, 12, 10, 6
2020/2/9, 34, 9, 13
2020/2/10, 13, 14, 23
2020/2/11, 21, 6, 25
2020/2/12, 14, 8, 25
2020/2/13, 10, 17, 29
2020/2/14, 18, 7, 11
2020/2/15, 21, 4, 5
2020/2/16, 13, 24, 15
2020/2/17, 21, 19, 15
2020/2/18, 24, 18, 20
2020/2/19, 19, 6, 17
2020/2/20, 15, 17, 14
2020/2/21, 19, 6, 6
2020/2/22, 7, 34, 10
2020/2/23, 20, 39, 24
2020/2/24, 24, 11, 11
2020/2/25, 17, 13, 3
2020/2/26, 10, 6, 8
2020/2/27, 10, 25, 22
2020/2/28, 19, 6, 16
2020/2/29, 18, 6, 10
2020/3/1, 16, 27, 22
2020/3/2, 24, 7, 6
2020/3/3, 21, 4, 9
2020/3/4, 14, 5, 18
2020/3/5, 12, 9, 17
2020/3/6, 22, 14, 13
2020/3/7, 38, 20, 7
2020/3/8, 46, 34, 18
2020/3/9, 33, 12, 17
2020/3/10, 34, 25, 15
2020/3/11, 23, 24, 16
2020/3/12, 26, 32, 12
2020/3/13, 18, 28, 10
2020/3/14, 15, 9, 7
2020/3/15, 13, 23, 10
2020/3/16, 16, 16, 16
2020/3/17, 19, 6, 19
2020/3/18, 14, 15, 19
2020/3/19, 11, 7, 12
2020/3/20, 11, 9, 8
2020/3/21, 12, 15, 13
2020/3/22, 16, 11, 18
2020/3/23, 14, 36, 17
2020/3/24, 34, 55, 13
2020/3/25, 55, 36, 23
2020/3/26, 54, 40, 22
2020/3/27, 60, 16, 7
2020/3/28, 29, 9, 7
2020/3/29, 9, 7, 8
2020/3/30, 8, 15, 17
2020/3/31, 14, 19, 28
2019/10/1, 11, 7, 14
2019/10/2, 10, 3, 7
2019/10/3, 8, 5, 13
2019/10/4, 12, 4, 9
2019/10/5, 9, 6, 16
2019/10/6, 12, 7, 23
2019/10/7, 19, 19, 27
2019/10/8, 26, 15, 12
2019/10/9, 22, 13, 25
2019/10/10, 35, 14, 24
2019/10/11, 27, 10, 15
2019/10/12, 21, 8, 16
2019/10/13, 16, 8, 13
2019/10/14, 18, 7, 11
2019/10/15, 17, 6, 5
2019/10/16, 16, 6, 8
2019/10/17, 18, 8, 18
2019/10/18, 20, 9, 15
2019/10/19, 23, 9, 10
2019/10/20, 24, 9, 16
2019/10/21, 21, 11, 20
2019/10/22, 25, 16, 27
2019/10/23, 29, 18, 22
2019/10/24, 39, 25, 19
2019/10/25, 59, 11, 12
2019/10/26, 20, 7, 12
2019/10/27, 16, 10, 24
2019/10/28, 19, 12, 22
2019/10/29, 18, 18, 23
2019/10/30, 17, 26, 29
2019/10/31, 28, 21, 25
2019/11/1, 37, 18, 14
2019/11/2, 45, 13, 7
2019/11/3, 35, 7, 10
2019/11/4, 11, 5, 7
2019/11/5, 8, 8, 10
2019/11/6, 10, 7, 18
2019/11/7, 15, 7, 12
2019/11/8, 21, 4, 4
2019/11/9, 12, 3, 5
2019/11/10, 9, 7, 17
2019/11/11, 19, 12, 26
2019/11/12, 33, 14, 22
2019/11/13, 43, 13, 15
2019/11/14, 36, 14, 16
2019/11/15, 42, 10, 4
2019/11/16, 31, 9, 9
2019/11/17, 28, 10, 9
2019/11/18, 31, 14, 16
2019/11/19, 42, 8, 12
2019/11/20, 24, , 
2019/11/22, 47, , 
2019/11/24, 53, 41, 21
2019/11/25, 74, 23, 21
2019/11/26, 56, 6, 18
2019/11/27, 19, 4, 12
2019/11/28, 9, 3, 24
2019/11/29, 10, 5, 19
2019/11/30, 13, 3, 19
2019/12/1, 11, 5, 35
2019/12/2, 14, 5, 31
2019/12/3, 15, 8, 28
2019/12/4, 21, 8, 20
2019/12/5, 20, 5, 24
2019/12/6, 14, 4, 15
2019/12/7, 11, 3, 15
2019/12/8, 10, 5, 20
2019/12/9, 14, 5, 33
2019/12/10, 14, 4, 19
2019/12/11, 13, 10, 22
2019/12/12, 29, 18, 21
2019/12/13, 51, 5, 8
2019/12/14, 20, 6, 16
2019/12/15, 19, 6, 26
2019/12/16, 17, 7, 27
2019/12/17, 19, 5, 18
2019/12/18, 14, 7, 27
2019/12/19, 20, 17, 24
2019/12/20, 49, 28, 12
2019/12/21, 73, 9, 13
2019/12/22, 31, 14, 16
2019/12/23, 34, 19, 11
2019/12/24, 43, 7, 7
2019/12/25, 23, 5, 6
2019/12/26, 17, 4, 12
2019/12/27, 14, 5, 16
2019/12/28, 15, 11, 9
2019/12/29, 34, , 
2019/7/1, 27, 11, 8
2019/7/2, 15, 15, 12
2019/7/3, 14, 13, 16
2019/7/4, 12, 9, 9
2019/7/5, 12, 8, 6
2019/7/6, 13, 6, 2
2019/7/7, 14, 6, 4
2019/7/8, 12, 7, 3
2019/7/9, 18, 8, 7
2019/7/10, 18, 8, 4
2019/7/11, 20, 10, 9
2019/7/12, 27, 9, 8
2019/7/13, 23, 7, 12
2019/7/14, 15, 8, 8
2019/7/15, 20, 6, 9
2019/7/16, 12, 7, 7
2019/7/17, 18, 12, 15
2019/7/18, 26, 14, 17
2019/7/19, 28, 13, 12
2019/7/20, 27, 10, 12
2019/7/21, 21, 15, 16
2019/7/22, 35, 12, 15
2019/7/23, 20, 8, 12
2019/7/24, 14, 13, 13
2019/7/25, 19, 12, 11
2019/7/26, 23, 13, 5
2019/7/27, 32, 16, 4
2019/7/28, 41, 11, 3
2019/7/29, 26, 6, 3
2019/7/30, 11, 6, 5
2019/7/31, 12, 8, 6
2019/8/1, 18, 10, 12
2019/8/2, 24, 7, 3
2019/8/3, 18, 6, 4
2019/8/4, 15, 12, 18
2019/8/5, 25, 17, 20
2019/8/6, 32, 15, 20
2019/8/7, 27, 15, 18
2019/8/8, 29, 15, 9
2019/8/9, 32, 11, 11
2019/8/10, 30, 10, 10
2019/8/11, 24, 14, 17
2019/8/12, 27, 14, 19
2019/8/13, 21, 13, 18
2019/8/14, 19, 11, 17
2019/8/15, 17, 15, 23
2019/8/16, 26, 13, 12
2019/8/17, 28, 11, 11
2019/8/18, 27, 13, 21
2019/8/19, 20, 15, 24
2019/8/20, 23, 16, 22
2019/8/21, 22, 13, 25
2019/8/22, 21, 10, 26
2019/8/23, 23, 10, 12
2019/8/24, 24, 13, 13
2019/8/25, 29, 18, 33
2019/8/26, 34, 30, 30
2019/8/27, 54, 28, 27
2019/8/28, 49, 25, 27
2019/8/29, 50, 18, 24
2019/8/30, 38, 14, 16
2019/8/31, 25, 18, 13
2019/9/1, 39, 14, 22
2019/9/2, 31, 11, 22
2019/9/3, 17, 9, 19
2019/9/4, 12, 8, 16
2019/9/5, 15, 8, 22
2019/9/6, 14, 7, 12
2019/9/7, 11, 7, 7
2019/9/8, 16, 6, 16
2019/9/9, 16, 17, 11
2019/9/10, 41, 24, 17
2019/9/11, 49, 11, 15
2019/9/12, 19, 10, 19
2019/9/13, 16, 11, 14
2019/9/14, 14, 10, 16
2019/9/15, 14, 9, 16
2019/9/16, 11, 8, 11
2019/9/17, 11, 5, 13
2019/9/18, 9, 6, 17
2019/9/19, 9, 8, 22
2019/9/20, 12, 7, 15
2019/9/21, 13, 8, 11
2019/9/22, 15, 7, 22
2019/9/23, 14, 9, 27
2019/9/24, 12, 13, 14
2019/9/25, 19, 9, 13
2019/9/26, 16, 9, 14
2019/9/27, 18, 17, 10
2019/9/28, 41, 17, 14
2019/9/29, 47, 10, 15
2019/9/30, 32, 8, 21
2019/4/1, 24, 53, 23
2019/4/2, 28, 47, 27
2019/4/3, 40, 54, 27
2019/4/4, 59, 43, 7
2019/4/5, 57, 39, 14
2019/4/6, 61, 39, 12
2019/4/7, 60, 20, 5
2019/4/8, 31, 21, 8
2019/4/9, 18, 12, 5
2019/4/10, 16, 18, 15
2019/4/11, 22, 28, 16
2019/4/12, 24, 13, 10
2019/4/13, 14, 16, 11
2019/4/14, 17, 63, 28
2019/4/15, 37, 36, 15
2019/4/16, 26, 27, 20
2019/4/17, 24, 45, 31
2019/4/18, 38, 44, 22
2019/4/19, 39, 38, 20
2019/4/20, 35, 33, 15
2019/4/21, 37, 26, 11
2019/4/22, 31, 39, 32
2019/4/23, 52, 66, 34
2019/4/24, 71, 64, 19
2019/4/25, 83, 52, 12
2019/4/26, 77, 44, 6
2019/4/27, 73, 31, 5
2019/4/28, 55, 35, 25
2019/4/29, 38, 49, 38
2019/4/30, 46, 34, 17
2019/5/1, 43, 17, 14
2019/5/2, 30, 24, 20
2019/5/3, 21, 25, 11
2019/5/4, 23, 28, 16
2019/5/5, 23, 27, 24
2019/5/6, 24, 15, 26
2019/5/7, 15, 35, 26
2019/5/8, 28, 50, 19
2019/5/9, 38, 50, 24
2019/5/10, 39, 38, 21
2019/5/11, 48, 28, 16
2019/5/12, 31, 16, 13
2019/5/13, 14, 24, 23
2019/5/14, 22, 33, 19
2019/5/15, 23, 42, 13
2019/5/16, 34, 16, 9
2019/5/17, 16, 18, 6
2019/5/18, 20, 18, 10
2019/5/19, 33, 30, 15
2019/5/20, 55, 31, 8
2019/5/21, 51, 25, 7
2019/5/22, 48, 17, 17
2019/5/23, 43, 27, 26
2019/5/24, 36, 16, 12
2019/5/25, 22, 10, 12
2019/5/26, 16, 7, 21
2019/5/27, 16, 35, 22
2019/5/28, 29, 62, 24
2019/5/29, 38, 39, 9
2019/5/30, 23, 26, 21
2019/5/31, 18, 20, 13
2019/6/1, 17, 14, 10
2019/6/2, 20, 26, 21
2019/6/3, 25, 26, 26
2019/6/4, 36, 28, 35
2019/6/5, 36, 38, 16
2019/6/6, 54, 38, 24
2019/6/7, 62, 32, 16
2019/6/8, 55, 21, 15
2019/6/9, 27, 22, 23
2019/6/10, 27, 25, 9
2019/6/11, 26, 11, 4
2019/6/12, 12, 15, 8
2019/6/13, 32, 18, 15
2019/6/14, 38, 15, 16
2019/6/15, 24, 14, 13
2019/6/16, 27, 19, 20
2019/6/17, 24, 20, 17
2019/6/18, 25, 22, 22
2019/6/19, 35, 25, 21
2019/6/20, 42, 20, 8
2019/6/21, 34, 11, 8
2019/6/22, 15, 14, 9
2019/6/23, 13, 11, 9
2019/6/24, 13, 17, 19
2019/6/25, 16, 16, 20
2019/6/26, 29, 12, 7
2019/6/27, 28, 9, 13
2019/6/28, 11, 15, 10
2019/6/29, 18, 11, 10
2019/6/30, 18, 19, 14
2019/1/1, 14, 8, 5
2019/1/2, 10, 4, 9
2019/1/3, 11, 5, 10
2019/1/4, 12, 5, 4
2019/1/5, 15, 7, 5
2019/1/6, 22, 6, 9
2019/1/7, 20, 5, 3
2019/1/8, 16, 2, 5
2019/1/9, 7, 4, 10
2019/1/10, 11, 6, 10
2019/1/11, 16, 6, 8
2019/1/12, 13, 8, 6
2019/1/13, 21, 6, 10
2019/1/14, 14, 11, 26
2019/1/15, 12, 12, 31
2019/1/16, 23, 6, 27
2019/1/17, 15, 4, 37
2019/1/18, 12, 4, 23
2019/1/19, 13, 4, 27
2019/1/20, 12, 12, 43
2019/1/21, 30, 19, 39
2019/1/22, 51, 16, 23
2019/1/23, 50, 21, 22
2019/1/24, 58, 24, 29
2019/1/25, 62, 19, 16
2019/1/26, 55, 10, 6
2019/1/27, 34, 11, 11
2019/1/28, 32, 14, 20
2019/1/29, 47, 11, 19
2019/1/30, 35, 15, 20
2019/1/31, 44, 11, 7
2019/2/1, 35, 8, 7
2019/2/2, 26, 7, 11
2019/2/3, 22, 10, 26
2019/2/4, 29, 11, 20
2019/2/5, 34, 8, 27
2019/2/6, 24, 8, 23
2019/2/7, 25, 10, 23
2019/2/8, 28, 6, 11
2019/2/9, 21, 7, 13
2019/2/10, 20, 9, 17
2019/2/11, 22, 82, 30
2019/2/12, 29, 63, 33
2019/2/13, 24, 11, 32
2019/2/14, 23, 11, 26
2019/2/15, 27, 25, 17
2019/2/16, 59, 36, 26
2019/2/17, 52, 25, 26
2019/2/18, 37, 23, 27
2019/2/19, 59, 29, 18
2019/2/20, 28, 51, 18
2019/2/21, 27, 51, 29
2019/2/22, 32, 34, 16
2019/2/23, 23, 11, 15
2019/2/24, 28, 42, 32
2019/2/25, 31, 55, 36
2019/2/26, 31, 49, 32
2019/2/27, 32, 45, 17
2019/2/28, 26, 39, 27
2019/3/1, 20, 32, 20
2019/3/2, 20, 14, 11
2019/3/3, 13, 6, 22
2019/3/4, 15, 11, 15
2019/3/5, 13, 33, 28
2019/3/6, 34, 15, 33
2019/3/7, 36, 12, 30
2019/3/8, 33, 5, 20
2019/3/9, 14, 19, 12
2019/3/10, 14, 38, 19
2019/3/11, 23, 51, 28
2019/3/12, 30, 36, 20
2019/3/13, 29, 11, 20
2019/3/14, 31, 8, 25
2019/3/15, 23, 5, 27
2019/3/16, 15, 4, 22
2019/3/17, 13, 3, 31
2019/3/18, 9, 42, 22
2019/3/19, 22, 58, 34
2019/3/20, 30, 45, 23
2019/3/21, 26, 40, 27
2019/3/22, 29, 39, 9
2019/3/23, 26, 27, 10
2019/3/24, 20, 24, 15
2019/3/25, 19, 32, 15
2019/3/26, 17, 39, 29
2019/3/27, 20, 49, 31
2019/3/28, 29, 31, 21
2019/3/29, 26, 23, 13
2019/3/30, 36, 28, 11
2019/3/31, 22, 46, 31
2018/10/1, 23, 16, 20
2018/10/2, 35, 9, 12
2018/10/3, 18, 13, 22
2018/10/4, 19, 14, 24
2018/10/5, 18, 13, 16
2018/10/6, 20, 9, 12
2018/10/7, 15, 9, 21
2018/10/8, 21, 8, 19
2018/10/9, 16, 16, 24
2018/10/10, 28, 16, 25
2018/10/11, 35, 37, 24
2018/10/12, 67, 39, 16
2018/10/13, 75, 35, 12
2018/10/14, 71, 41, 25
2018/10/15, 75, 35, 13
2018/10/16, 63, 22, 22
2018/10/17, 53, 25, 23
2018/10/18, 52, 26, 30
2018/10/19, 31, 24, 19
2018/10/20, 29, 12, 10
2018/10/21, 26, 12, 22
2018/10/22, 15, 10, 16
2018/10/23, 12, 16, 21
2018/10/24, 15, 22, 24
2018/10/25, 21, 16, 18
2018/10/26, 20, 7, 4
2018/10/27, 12, 6, 7
2018/10/28, 14, 5, 12
2018/10/29, 13, 5, 7
2018/10/30, 14, 11, 14
2018/10/31, 31, 12, 21
2018/11/1, 29, 28, 17
2018/11/2, 62, 19, 12
2018/11/3, 43, 13, 16
2018/11/4, 25, 15, 24
2018/11/5, 36, 18, 17
2018/11/6, 47, 23, 18
2018/11/7, 58, 21, 22
2018/11/8, 56, 22, 19
2018/11/9, 56, 13, 14
2018/11/10, 36, 20, 14
2018/11/11, 58, 16, 18
2018/11/12, 49, 23, 21
2018/11/13, 54, 24, 24
2018/11/14, 54, 21, 20
2018/11/15, 44, 26, 22
2018/11/16, 55, 30, 16
2018/11/17, 59, 16, 5
2018/11/18, 35, 13, 14
2018/11/19, 25, 23, 24
2018/11/20, 49, 21, 18
2018/11/21, 34, 21, 25
2018/11/22, 33, 21, 20
2018/11/23, 45, 18, 16
2018/11/24, 43, 15, 23
2018/11/25, 31, 24, 34
2018/11/26, 40, 18, 30
2018/11/27, 28, 13, 32
2018/11/28, 25, 13, 17
2018/11/29, 34, 13, 12
2018/11/30, 40, 14, 9
2018/12/1, 45, 16, 12
2018/12/2, 51, 15, 18
2018/12/3, 46, 7, 22
2018/12/4, 23, 20, 26
2018/12/5, 15, 24, 26
2018/12/6, 28, 12, 24
2018/12/7, 34, 6, 13
2018/12/8, 17, 3, 15
2018/12/9, 9, 4, 14
2018/12/10, 11, 8, 7
2018/12/11, 24, 6, 12
2018/12/12, 18, 6, 13
2018/12/13, 17, 6, 18
2018/12/14, 19, 8, 10
2018/12/15, 24, 7, 6
2018/12/16, 24, 7, 23
2018/12/17, 19, 14, 23
2018/12/18, 35, 17, 23
2018/12/19, 49, 17, 20
2018/12/20, 49, 12, 7
2018/12/21, 38, 10, 9
2018/12/22, 30, 7, 12
2018/12/23, 22, 6, 7
2018/12/24, 19, 6, 6
2018/12/25, 17, 5, 8
2018/12/26, 12, 6, 9
2018/12/27, 16, 7, 11
2018/12/28, 19, 8, 6
2018/12/29, 24, 7, 6
2018/12/30, 22, , 
2018/7/1, 5, 7, 5
2018/7/2, 10, 11, 11
2018/7/3, 17, 14, 10
2018/7/4, 20, 11, 11
2018/7/5, 15, 15, 8
2018/7/6, 22, 10, 5
2018/7/7, 21, 9, 8
2018/7/8, 16, 9, 4
2018/7/9, 15, 10, 5
2018/7/10, 18, 20, 13
2018/7/11, 26, 18, 13
2018/7/12, 33, 25, 16
2018/7/13, 41, 19, 14
2018/7/14, 31, 18, 16
2018/7/15, 33, 21, 13
2018/7/16, 42, 18, 9
2018/7/17, 37, 22, 12
2018/7/18, 44, 24, 18
2018/7/19, 46, 23, 12
2018/7/20, 42, 19, 9
2018/7/21, 48, 18, 12
2018/7/22, 35, 16, 16
2018/7/23, 26, 16, 19
2018/7/24, 23, 16, 20
2018/7/25, 23, 17, 17
2018/7/26, 26, 17, 4
2018/7/27, 39, 16, 3
2018/7/28, 38, 22, 10
2018/7/29, 50, 22, 16
2018/7/30, 52, 26, 21
2018/7/31, 48, 26, 23
2018/8/1, 44, 28, 21
2018/8/2, 51, 24, 19
2018/8/3, 31, 14, 9
2018/8/4, 18, 11, 10
2018/8/5, 16, 10, 14
2018/8/6, 12, 15, 18
2018/8/7, 16, 19, 19
2018/8/8, 21, 24, 26
2018/8/9, 40, 28, 20
2018/8/10, 53, 15, 12
2018/8/11, 22, 8, 8
2018/8/12, 13, 10, 16
2018/8/13, 15, 16, 19
2018/8/14, 19, 11, 14
2018/8/15, 15, 15, 17
2018/8/16, 18, 19, 21
2018/8/17, 33, 17, 14
2018/8/18, 28, 13, 10
2018/8/19, 21, 13, 13
2018/8/20, 18, 9, 19
2018/8/21, 12, 16, 22
2018/8/22, 17, 17, 27
2018/8/23, 22, 25, 29
2018/8/24, 34, 16, 16
2018/8/25, 24, 10, 15
2018/8/26, 16, 12, 22
2018/8/27, 16, 15, 25
2018/8/28, 22, 15, 23
2018/8/29, 25, 15, 22
2018/8/30, 30, 9, 6
2018/8/31, 17, 8, 6
2018/9/1, 19, 13, 20
2018/9/2, 29, 21, 30
2018/9/3, 30, 24, 29
2018/9/4, 36, 19, 14
2018/9/5, 36, 14, 11
2018/9/6, 31, 18, 7
2018/9/7, 43, 30, 14
2018/9/8, 56, 21, 16
2018/9/9, 38, 15, 26
2018/9/10, 26, 13, 23
2018/9/11, 26, 14, 19
2018/9/12, 20, 14, 23
2018/9/13, 16, 14, 23
2018/9/14, 18, 10, 13
2018/9/15, 15, 8, 13
2018/9/16, 12, 11, 20
2018/9/17, 16, 19, 25
2018/9/18, 25, 19, 18
2018/9/19, 30, 20, 21
2018/9/20, 29, 22, 23
2018/9/21, 34, 16, 16
2018/9/22, 23, 8, 13
2018/9/23, 13, 6, 21
2018/9/24, 8, 10, 26
2018/9/25, 11, 10, 21
2018/9/26, 14, 11, 21
2018/9/27, 13, 10, 21
2018/9/28, 11, 8, 17
2018/9/29, 11, 10, 17
2018/9/30, 16, 13, 14
2018/4/1, 31, 26, 10
2018/4/2, 27, 49, 32
2018/4/3, 29, 39, 30
2018/4/4, 34, 15, 23
2018/4/5, 36, 20, 29
2018/4/6, 24, 60, 20
2018/4/7, 26, 38, 14
2018/4/8, 29, 26, 12
2018/4/9, 42, 15, 9
2018/4/10, 14, 35, 22
2018/4/11, 21, 37, 14
2018/4/12, 28, 35, 19
2018/4/13, 27, 35, 14
2018/4/14, 35, 43, 15
2018/4/15, 57, 37, 29
2018/4/16, 46, 44, 30
2018/4/17, 52, 31, 29
2018/4/18, 45, 28, 35
2018/4/19, 28, 45, 37
2018/4/20, 43, 40, 17
2018/4/21, 39, 20, 12
2018/4/22, 12, 48, 28
2018/4/23, 25, 34, 29
2018/4/24, 21, 31, 30
2018/4/25, 20, 27, 31
2018/4/26, 18, 33, 27
2018/4/27, 25, 23, 22
2018/4/28, 17, 23, 20
2018/4/29, 23, 15, 10
2018/4/30, 22, 6, 7
2018/5/1, 13, 29, 24
2018/5/2, 32, 16, 18
2018/5/3, 33, 35, 29
2018/5/4, 23, 13, 15
2018/5/5, 22, 15, 14
2018/5/6, 28, 27, 31
2018/5/7, 27, 27, 23
2018/5/8, 24, 36, 25
2018/5/9, 29, 22, 9
2018/5/10, 23, 40, 25
2018/5/11, 42, 34, 15
2018/5/12, 45, 34, 16
2018/5/13, 41, 40, 19
2018/5/14, 44, 49, 24
2018/5/15, 54, 52, 28
2018/5/16, 45, 49, 6
2018/5/17, 36, 22, 7
2018/5/18, 17, 23, 15
2018/5/19, 17, 28, 18
2018/5/20, 23, 42, 38
2018/5/21, 40, 43, 33
2018/5/22, 43, 32, 8
2018/5/23, 32, 24, 23
2018/5/24, 19, 35, 35
2018/5/25, 25, 30, 17
2018/5/26, 31, 19, 4
2018/5/27, 30, 24, 23
2018/5/28, 21, 36, 40
2018/5/29, 32, 30, 19
2018/5/30, 33, 22, 19
2018/5/31, 19, 24, 16
2018/6/1, 21, , 
2018/6/5, 11, 14, 10
2018/6/6, 11, 19, 25
2018/6/7, 15, 14, 17
2018/6/8, 13, 10, 13
2018/6/9, 11, 16, 21
2018/6/10, 18, 29, 24
2018/6/11, 47, 23, 7
2018/6/12, 31, 20, 20
2018/6/13, 16, 27, 24
2018/6/14, 25, 31, 24
2018/6/15, 28, 23, 16
2018/6/16, 24, 17, 16
2018/6/17, 26, 18, 19
2018/6/18, 26, 28, 16
2018/6/19, 27, 24, 17
2018/6/20, 23, 13, 9
2018/6/21, 17, 6, 7
2018/6/22, 8, 10, 9
2018/6/23, 10, 9, 7
2018/6/24, 13, 9, 10
2018/6/25, 10, 12, 14
2018/6/26, 16, 14, 11
2018/6/27, 21, 30, 23
2018/6/28, 34, 16, 4
2018/6/29, 14, 7, 4
2018/6/30, 7, 4, 2
2018/1/1, 26, 4, 24
2018/1/2, 13, 4, 14
2018/1/3, 11, 6, 5
2018/1/4, 21, 2, 7
2018/1/5, 6, 5, 13
2018/1/6, 10, 36, 14
2018/1/7, 20, 40, 25
2018/1/8, 22, 7, 22
2018/1/9, 20, 12, 17
2018/1/10, 34, 7, 11
2018/1/11, 19, 9, 19
2018/1/12, 26, 7, 17
2018/1/13, 21, 15, 17
2018/1/14, 24, 55, 11
2018/1/15, 56, 22, 16
2018/1/16, 52, 11, 12
2018/1/17, 35, 14, 6
2018/1/18, 46, 15, 19
2018/1/19, 47, 16, 20
2018/1/20, 51, 19, 19
2018/1/21, 54, 14, 22
2018/1/22, 45, 12, 24
2018/1/23, 38, 11, 23
2018/1/24, 30, 5, 13
2018/1/25, 14, 9, 29
2018/1/26, 23, 6, 17
2018/1/27, 19, 6, 16
2018/1/28, 19, 5, 10
2018/1/29, 19, 6, 27
2018/1/30, 20, 7, 19
2018/1/31, 18, 5, 33
2018/2/1, 14, 4, 14
2018/2/2, 12, 6, 2
2018/2/3, 19, 5, 7
2018/2/4, 19, 7, 26
2018/2/5, 21, 9, 25
2018/2/6, 27, 9, 26
2018/2/7, 32, 13, 29
2018/2/8, 40, 8, 25
2018/2/9, 23, 11, 26
2018/2/10, 34, 6, 13
2018/2/11, 19, 14, 11
2018/2/12, 36, 3, 15
2018/2/13, 10, 7, 23
2018/2/14, 23, 13, 31
2018/2/15, 37, 15, 21
2018/2/16, 41, 17, 19
2018/2/17, 48, 16, 16
2018/2/18, 49, 15, 9
2018/2/19, 47, 12, 17
2018/2/20, 38, 17, 27
2018/2/21, 49, 24, 39
2018/2/22, 61, 12, 17
2018/2/23, 38, 8, 19
2018/2/24, 22, 5, 10
2018/2/25, 16, 5, 11
2018/2/26, 14, 6, 5
2018/2/27, 15, 5, 7
2018/2/28, 17, 8, 27
2018/3/1, 25, 8, 22
2018/3/2, 21, 9, 29
2018/3/3, 28, 7, 16
2018/3/4, 22, 12, 26
2018/3/5, 35, 12, 11
2018/3/6, 38, 14, 14
2018/3/7, 41, 14, 12
2018/3/8, 43, 17, 34
2018/3/9, 50, 15, 17
2018/3/10, 46, 17, 18
2018/3/11, 54, 18, 23
2018/3/12, 51, 15, 10
2018/3/13, 43, 10, 13
2018/3/14, 19, 30, 22
2018/3/15, 34, 26, 19
2018/3/16, 25, 127, 21
2018/3/17, 51, 417, 21
2018/3/18, 112, 179, 35
2018/3/19, 70, 40, 22
2018/3/20, 25, 75, 36
2018/3/21, 42, 18, 32
2018/3/22, 17, 22, 40
2018/3/23, 22, 12, 14
2018/3/24, 30, 12, 15
2018/3/25, 29, 30, 9
2018/3/26, 21, 56, 29
2018/3/27, 37, 75, 38
2018/3/28, 45, 62, 35
2018/3/29, 39, 32, 12
2018/3/30, 24, 31, 20
2018/3/31, 27, 25, 9
2017/10/1, 44, 21, 13
2017/10/2, 62, 8, 24
2017/10/3, 18, 11, 19
2017/10/4, 12, 8, 21
2017/10/5, 13, 6, 15
2017/10/6, 10, 4, 12
2017/10/7, 9, 2, 4
2017/10/8, 5, 2, 6
2017/10/9, 6, 5, 15
2017/10/10, 13, 10, 18
2017/10/11, 15, 6, 22
2017/10/12, 13, 5, 12
2017/10/13, 10, 5, 14
2017/10/14, 13, 12, 17
2017/10/15, 23, 19, 23
2017/10/16, 29, 17, 23
2017/10/17, 28, 12, 19
2017/10/18, 12, 12, 26
2017/10/19, 17, 12, 16
2017/10/20, 25, 5, 7
2017/10/21, 13, 6, 7
2017/10/22, 16, 3, 7
2017/10/23, 9, 13, 19
2017/10/24, 16, 9, 18
2017/10/25, 25, 5, 18
2017/10/26, 12, 7, 16
2017/10/27, 17, 5, 13
2017/10/28, 13, 4, 6
2017/10/29, 6, 6, 15
2017/10/30, 6, 22, 28
2017/10/31, 17, 13, 25
2017/11/1, 22, 5, 14
2017/11/2, 15, 6, 26
2017/11/3, 14, 5, 18
2017/11/4, 14, 19, 12
2017/11/5, 52, 25, 28
2017/11/6, 23, 8, 27
2017/11/7, 18, 7, 26
2017/11/8, 19, 15, 22
2017/11/9, 36, 9, 24
2017/11/10, 21, 4, 13
2017/11/11, 14, 3, 11
2017/11/12, 9, 4, 24
2017/11/13, 11, 6, 25
2017/11/14, 14, 7, 22
2017/11/15, 16, 4, 9
2017/11/16, 13, 5, 19
2017/11/17, 12, 5, 20
2017/11/18, 14, 4, 9
2017/11/19, 12, 4, 13
2017/11/20, 14, 5, 17
2017/11/21, 15, , 
2017/11/23, 49, 7, 20
2017/11/24, 20, 6, 14
2017/11/25, 16, 7, 15
2017/11/26, 21, 5, 22
2017/11/27, 12, 4, 12
2017/11/28, 13, 4, 20
2017/11/29, 13, 6, 15
2017/11/30, 15, 4, 9
2017/12/1, 10, 4, 15
2017/12/2, 12, 3, 15
2017/12/3, 9, 6, 24
2017/12/4, 11, 6, 31
2017/12/5, 13, 7, 33
2017/12/6, 15, 7, 29
2017/12/7, 14, 14, 15
2017/12/8, 12, 4, 11
2017/12/9, 9, 3, 14
2017/12/10, 9, 10, 15
2017/12/11, 26, 5, 8
2017/12/12, 16, 6, 27
2017/12/13, 16, 10, 18
2017/12/14, 32, 5, 14
2017/12/15, 17, 5, 12
2017/12/16, 17, 6, 12
2017/12/17, 18, 8, 20
2017/12/18, 24, 6, 21
2017/12/19, 19, 8, 20
2017/12/20, 26, 5, 26
2017/12/21, 14, 5, 28
2017/12/22, 14, 4, 22
2017/12/23, 12, 4, 16
2017/12/24, 10, 4, 14
2017/12/25, 12, 5, 10
2017/12/26, 10, 3, 18
2017/12/27, 9, 19, 17
2017/12/28, 49, 13, 19
2017/12/29, 37, 5, 18
2017/12/30, 13, , 
2017/8/16, 31, 15, 26
2017/8/17, 28, 16, 28
2017/8/18, 31, 14, 26
2017/8/19, 29, 14, 14
2017/8/20, 16, 9, 16
2017/8/21, 14, 10, 19
2017/8/22, 11, 6, 7
2017/8/23, 11, 6, 11
2017/8/24, 15, 14, 22
2017/8/25, 13, 6, 16
2017/8/26, 14, 7, 11
2017/8/27, 15, 6, 10
2017/8/28, 26, 20, 24
2017/8/29, 24, 16, 24
2017/8/30, 30, 17, 25
2017/8/31, 22, 9, 16
2017/9/1, 12, 8, 23
2017/9/2, 15, 7, 11
2017/9/3, 8, 3, 4
2017/9/4, 14, 6, 4
2017/9/5, 15, 9, 5
2017/9/10, 16, 4, 11
2017/9/11, 21, 10, 15
2017/9/12, 29, 14, 19
2017/9/13, 20, 12, 21
2017/9/14, 13, 7, 8
2017/9/15, 21, 10, 14
2017/9/16, 12, 7, 12
2017/9/17, 8, 4, 4
2017/9/18, 14, 7, 14
2017/9/19, 8, 4, 8
2017/9/20, 12, 6, 9
2017/9/21, 22, 10, 11
2017/9/22, 35, 14, 6
2017/9/23, 42, 17, 3
2017/9/24, 41, 18, 3
2017/9/25, 39, 17, 5
2017/9/26, 45, 20, 11
2017/9/27, 44, 19, 6
2017/9/28, 46, 20, 8
2017/9/29, 37, 18, 9
2017/9/30, 37, 17, 7
2025/6/7, , 15, 9
2025/6/21, , 10, 4
2024/12/31, , 3, 4
2024/7/3, , 9, 7
2024/8/20, , 13, 18
2023/10/10, , 10, 9
2023/4/4, , 14, 4
2022/8/16, , 21, 14
2022/5/22, , 29, 19
2021/1/11, , 3, 21
2021/1/23, , 6, 11
2021/1/31, , 7, 20
2020/8/23, , 8, 15
2020/9/27, , 28, 6
2019/12/31, , 57, 15
2019/11/21, , 18, 18
2019/11/23, , 27, 10
2018/12/31, , 5, 3
2018/6/4, , 21, 9
2017/12/31, , 8, 15
2017/11/22, , 19, 19
2017/7/1, , 7, 9
2017/7/2, , 9, 9
2017/7/3, , 13, 14
2017/7/4, , 10, 12
2017/7/5, , 7, 13
2017/7/6, , 7, 13
2017/7/7, , 13, 21
2017/7/8, , 11, 12
2017/7/9, , 9, 11
2017/7/10, , 13, 16
2017/7/11, , 10, 8
2017/7/12, , 14, 20
2017/7/13, , 7, 12
2017/7/14, , 9, 14
2017/7/15, , 9, 12
2017/7/16, , 10, 10
2017/7/17, , 8, 13
2017/7/18, , 5, 12
2017/7/19, , 5, 10
2017/7/20, , 7, 11
2017/7/21, , 6, 7
2017/7/22, , 7, 7
2017/7/23, , 5, 2
2017/7/24, , 6, 4
2017/7/25, , 10, 4
2017/7/26, , 10, 4
2017/7/27, , 8, 9
2017/7/28, , 12, 15
2017/7/29, , 10, 13
2017/7/30, , 9, 11
2017/7/31, , 11, 15
2017/8/1, , 11, 14
2017/8/2, , 11, 15
2017/8/3, , 11, 17
2017/8/4, , 12, 14
2017/8/5, , 6, 8
2017/8/6, , 6, 10
2017/8/7, , 13, 16
2017/8/8, , 20, 24
2017/8/9, , 16, 19
2017/8/10, , 17, 22
2017/8/11, , 11, 24
2017/8/12, , 13, 13
2017/8/13, , 7, 8
2017/8/14, , 10, 25
2017/8/15, , 15, 26
2017/6/9, , 22, 15
2017/6/10, , 18, 14
2017/6/11, , 19, 16
2017/6/12, , 15, 10
2017/6/13, , 8, 16
2017/6/14, , 16, 18
2017/6/15, , 23, 21
2017/6/16, , 18, 14
2017/6/17, , 15, 11
2017/6/18, , 11, 12
2017/6/19, , 11, 11
2017/6/20, , 12, 11
2017/6/21, , 8, 14
2017/6/22, , 11, 8
2017/6/23, , 7, 9
2017/6/24, , 7, 10
2017/6/25, , 11, 13
2017/6/26, , 12, 14
2017/6/27, , 11, 11
2017/6/28, , 7, 7
2017/6/29, , 7, 3
2017/6/30, , 11, 2
2018/6/3, , , 4
2017/6/8, , , 24